place_id,company_name,formatted_address,city_searched,zone,keyword_searched,raw_query
ChIJe7m1zX8qO4gR5xZSuRANrcY,Exkor Manufacturing,"3590 Valtec Ct, Windsor, ON N8N 5E6, Canada",Windsor,Zone 1 — Windsor / Essex County,manufacturer,"manufacturer in Windsor, Ontario, Canada"
ChIJm9x4brkrO4gR_qaZBoHYlio,Cavalier Tool & Manufacturing Ltd,"3450 Wheelton Dr, Windsor, ON N8W 5A7, Canada",Windsor,Zone 1 — Windsor / Essex County,manufacturer,"manufacturer in Windsor, Ontario, Canada"
ChIJ4W3tbwArO4gRNfWXkFEU2Bo,Minth Windsor Manufacturing,"5000 Cabana Road E, Windsor, ON N8V 0A1, Canada",Windsor,Zone 1 — Windsor / Essex County,manufacturer,"manufacturer in Windsor, Ontario, Canada"
ChIJoxti3-8qO4gRRFPpnEAmJd0,Ventra Plastics-Windsor,"2800 Kew Dr, Windsor, ON N8T 3C6, Canada",Windsor,Zone 1 — Windsor / Essex County,manufacturer,"manufacturer in Windsor, Ontario, Canada"
ChIJdc2aD4IrO4gR8K8UR6hgtx8,Stellantis (Chrysler) Windsor,"2199 Chrysler Centre, Windsor, ON N8W 3Y3, Canada",Windsor,Zone 1 — Windsor / Essex County,manufacturer,"manufacturer in Windsor, Ontario, Canada"
ChIJPw3XI_0xO4gRPd4fHUVQ904,Cannon Automotive Solutions,"600 Sprucewood Ave, Windsor, ON N9C 0B2, Canada",Windsor,Zone 1 — Windsor / Essex County,manufacturer,"manufacturer in Windsor, Ontario, Canada"
ChIJUfDepp8rO4gRJ50cmeS1rmo,OPmobility Canada Inc.,"2570 Central Ave, Windsor, ON N8W 4J5, Canada",Windsor,Zone 1 — Windsor / Essex County,manufacturer,"manufacturer in Windsor, Ontario, Canada"
ChIJQ4da1xotO4gRygrg0DK8Tzc,BASF Canada Inc,"845 Wyandotte St W, Windsor, ON N9A 5Y1, Canada",Windsor,Zone 1 — Windsor / Essex County,manufacturer,"manufacturer in Windsor, Ontario, Canada"
ChIJVVVVpPMxO4gR4zr8tIvnVUc,STM-LM Manufacturing & Logistics,"599 Sprucewood Ave, Windsor, ON N9C 0B3, Canada",Windsor,Zone 1 — Windsor / Essex County,manufacturer,"manufacturer in Windsor, Ontario, Canada"
ChIJB6zPTiorO4gRsB32MSTHvDI,Assembly WINDSOR,"6500 Cantelon Dr #100, Windsor, ON N8T 0A6, Canada",Windsor,Zone 1 — Windsor / Essex County,manufacturer,"manufacturer in Windsor, Ontario, Canada"
ChIJKbzZjesxO4gRdAvPnI75FpA,Papp Plastics & Distributing Ltd,"6120 Morton Industrial Dr, Windsor, ON N9J 3W3, Canada",Windsor,Zone 1 — Windsor / Essex County,manufacturer,"manufacturer in Windsor, Ontario, Canada"
ChIJUVcJTHYyO4gRDyry7vhcAWA,Southwestern Manufacturing Inc.,"3710 Peter St, Windsor, ON N9C 1J9, Canada",Windsor,Zone 1 — Windsor / Essex County,manufacturer,"manufacturer in Windsor, Ontario, Canada"
ChIJsxDVLg4pO4gR-U1BFDa4OvI,JNM Manufacturing Inc.,"3900 Delduca Dr, Tecumseh, ON N0R 1L0, Canada",Windsor,Zone 1 — Windsor / Essex County,manufacturer,"manufacturer in Windsor, Ontario, Canada"
ChIJ0ZZbcPoxO4gRHUdBEhFAKIc,Plasman - Windsor 3 Manufacturing,"635 Sprucewood Ave, Windsor, ON N9C 0B3, Canada",Windsor,Zone 1 — Windsor / Essex County,manufacturer,"manufacturer in Windsor, Ontario, Canada"
ChIJlVz87UApO4gROdbmWiX1yfY,Plasman - Windsor 1 Manufacturing,"5250 Outer Dr, Tecumseh, ON N9G 3B9, Canada",Windsor,Zone 1 — Windsor / Essex County,manufacturer,"manufacturer in Windsor, Ontario, Canada"
ChIJZf0d4GcsO4gRWZqZbsjj-XQ,ATMIS Purchases - Harbour Technologies Windsor,"2545 Doty Pl, Windsor, ON N8X 2W5, Canada",Windsor,Zone 1 — Windsor / Essex County,manufacturer,"manufacturer in Windsor, Ontario, Canada"
ChIJk-Hs3ITUOogRfTogVpZnQFM,Plasman - Tecumseh Manufacturing,"418 Silver Creek Industrial Dr, Windsor, ON N8N 4Y3, Canada",Windsor,Zone 1 — Windsor / Essex County,manufacturer,"manufacturer in Windsor, Ontario, Canada"
ChIJ2UXvYOotO4gR-hIYN0qOD9Q,Windsor Mold Group,"4035 Malden Rd, Windsor, ON N9C 2G4, Canada",Windsor,Zone 1 — Windsor / Essex County,manufacturer,"manufacturer in Windsor, Ontario, Canada"
ChIJf28gaZYrO4gR0mc_Qxzsiqs,Reactive Manufacturing Inc.,"4155 Walker Rd, Windsor, ON N8W 3T6, Canada",Windsor,Zone 1 — Windsor / Essex County,manufacturer,"manufacturer in Windsor, Ontario, Canada"
ChIJAc1k3YTUOogRpVu_RfgzXNA,CapsCanada,"456 Silver Creek Industrial Dr, Windsor, ON N8N 4Y3, Canada",Windsor,Zone 1 — Windsor / Essex County,manufacturer,"manufacturer in Windsor, Ontario, Canada"
ChIJE5S9scIrO4gRwIGYWUO6AdU,The NARMCO Group,"2575 Airport Rd, Windsor, ON N8W 1Z4, Canada",Windsor,Zone 1 — Windsor / Essex County,manufacturing company,"manufacturing company in Windsor, Ontario, Canada"
ChIJLzXO4wssO4gRL4Vfh7bFSOg,Dimachem Inc.,"3258 Marentette Ave, Windsor, ON N8X 4G4, Canada",Windsor,Zone 1 — Windsor / Essex County,manufacturing company,"manufacturing company in Windsor, Ontario, Canada"
ChIJcz6PJ5QrO4gRTR2Cs6AEOQc,Kautex Corporation,"Canada, 2701 Kautex Dr, Windsor, ON N8W 5B1, Canada",Windsor,Zone 1 — Windsor / Essex County,manufacturing company,"manufacturing company in Windsor, Ontario, Canada"
ChIJsxDVLg4pO4gRzYO7s5TgpL8,Lanex Manufacturing Inc,"5000 Walker Rd, Oldcastle, ON N0R 1L0, Canada",Windsor,Zone 1 — Windsor / Essex County,OEM manufacturer,"OEM manufacturer in Windsor, Ontario, Canada"
ChIJi33jNOMqO4gR291m46e5Tx0,TRW ZF Automotive Canada Limited,"6365 Hawthorne Dr, Windsor, ON N8T 1J9, Canada",Windsor,Zone 1 — Windsor / Essex County,OEM manufacturer,"OEM manufacturer in Windsor, Ontario, Canada"
ChIJN3o8y2taXEARsbXDSlEYW5A,The Electromac Group,"1965 Ambassador Dr, Windsor, ON N9C 3R5, Canada",Windsor,Zone 1 — Windsor / Essex County,OEM manufacturer,"OEM manufacturer in Windsor, Ontario, Canada"
ChIJZQPDk4HUOogR75zxBv7myfo,Astrex Inc.,"383 Patillo Rd, Windsor, ON N8N 2L9, Canada",Windsor,Zone 1 — Windsor / Essex County,OEM manufacturer,"OEM manufacturer in Windsor, Ontario, Canada"
ChIJsxr7eIFqwAIRpiMWkjJaGY0,Spark Manufacturing Ltd.,"5180 Dumouchelle St, Windsor, ON N9G 0C7, Canada",Windsor,Zone 1 — Windsor / Essex County,OEM manufacturer,"OEM manufacturer in Windsor, Ontario, Canada"
ChIJsxDVLg4pO4gRzn16AQcRG2I,360 Manufacturing,"4150 Delduca Dr, Maidstone, ON N0R 1K0, Canada",Windsor,Zone 1 — Windsor / Essex County,OEM manufacturer,"OEM manufacturer in Windsor, Ontario, Canada"
ChIJfellVocqO4gRxI4m29dWUx4,MAGNA Windsor Modules,"9305 Twin Oaks Dr, Windsor, ON N8N 5B8, Canada",Windsor,Zone 1 — Windsor / Essex County,OEM manufacturer,"OEM manufacturer in Windsor, Ontario, Canada"
ChIJKa8iqYMpO4gRAiKpazQ99-Q,DC Automotive Tooling Inc,"2035 Halford Dr, Windsor, ON N9G 3E2, Canada",Windsor,Zone 1 — Windsor / Essex County,automotive parts manufacturer,"automotive parts manufacturer in Windsor, Ontario, Canada"
ChIJi5zTB64rO4gRwRrMIPhEUM4,Ground Effects Ltd,"4505 Rhodes Dr, Windsor, ON N8W 5R8, Canada",Windsor,Zone 1 — Windsor / Essex County,automotive parts manufacturer,"automotive parts manufacturer in Windsor, Ontario, Canada"
ChIJ_zEB6b4rO4gR3uqP2vcyDHE,Gates Canada Windsor Operations,"3303 St Etienne Blvd, Windsor, ON N8W 5B1, Canada",Windsor,Zone 1 — Windsor / Essex County,automotive parts manufacturer,"automotive parts manufacturer in Windsor, Ontario, Canada"
ChIJEQpkXAzVOogRTnQI4IHS5Xo,Canada Qiuming Auto Parts Ltd,"1106 Laramie St, Tecumseh, ON N8N 3Z7, Canada",Windsor,Zone 1 — Windsor / Essex County,automotive parts manufacturer,"automotive parts manufacturer in Windsor, Ontario, Canada"
ChIJf2MbgoUrO4gRobQJeYp5JXs,LKQ Windsor,"2895 Walker Rd N, Windsor, ON N8W 3R2, Canada",Windsor,Zone 1 — Windsor / Essex County,automotive parts manufacturer,"automotive parts manufacturer in Windsor, Ontario, Canada"
ChIJX0VuOvIsO4gRF3DMhVy1Zm0,Canadian Auto Stores,"780 Ottawa St, Windsor, ON N8X 4C9, Canada",Windsor,Zone 1 — Windsor / Essex County,auto parts manufacturer,"auto parts manufacturer in Windsor, Ontario, Canada"
ChIJf4CpxhksO4gR3AWgvLBRbno,PartSource - PS742,"3214 Dougall Ave A, Windsor, ON N9E 1S6, Canada",Windsor,Zone 1 — Windsor / Essex County,auto parts manufacturer,"auto parts manufacturer in Windsor, Ontario, Canada"
ChIJlU8_W4sqO4gR4ltpAu4foGg,Princess Auto,"4347 Walker Rd, Windsor, ON N8W 3T6, Canada",Windsor,Zone 1 — Windsor / Essex County,auto parts manufacturer,"auto parts manufacturer in Windsor, Ontario, Canada"
ChIJPy9KdxorO4gRH7oDuNbUG3E,PartSource - PS743,"5300 Tecumseh Rd E, Windsor, ON N8T 1C7, Canada",Windsor,Zone 1 — Windsor / Essex County,auto parts manufacturer,"auto parts manufacturer in Windsor, Ontario, Canada"
ChIJ4-OE4q0rO4gR59yH-lsm_s4,JVL Automotive,"4525 Rhodes Dr, Windsor, ON N8W 5T1, Canada",Windsor,Zone 1 — Windsor / Essex County,auto parts manufacturer,"auto parts manufacturer in Windsor, Ontario, Canada"
ChIJ_z-c_1grO4gR3K99WrXokqQ,Motorcade Industries Inc.,"3181 Devon Dr, Windsor, ON N8X 4L3, Canada",Windsor,Zone 1 — Windsor / Essex County,auto parts manufacturer,"auto parts manufacturer in Windsor, Ontario, Canada"
ChIJ2crDJ9otO4gRNCTl2AZo31c,FiveX Machining Inc.,"5145 Halford Dr, Windsor, ON N0R 1L0, Canada",Windsor,Zone 1 — Windsor / Essex County,machine shop,"machine shop in Windsor, Ontario, Canada"
ChIJI_58gKArO4gRgRi-YViSho8,St. Michael Machine Ltd.,"674 N Service Rd, Windsor, ON N8X 3J3, Canada",Windsor,Zone 1 — Windsor / Essex County,machine shop,"machine shop in Windsor, Ontario, Canada"
ChIJQ1DLUA0tO4gRalP9H5vVqow,St. Clair Machine Tool Design,"2679 Howard Ave, Windsor, ON N8X 3X2, Canada",Windsor,Zone 1 — Windsor / Essex County,machine shop,"machine shop in Windsor, Ontario, Canada"
ChIJZ2tYn0YsO4gRXsJVbQJRyIw,Special Machining Company Inc,"2536 Dougall Ave, Windsor, ON N8X 1T6, Canada",Windsor,Zone 1 — Windsor / Essex County,machine shop,"machine shop in Windsor, Ontario, Canada"
ChIJUUN8b2opO4gRIoKZ5dBdHXo,Maidstone Machine Repair,"5160 Dumouchelle St, Windsor, ON N9G 0C7, Canada",Windsor,Zone 1 — Windsor / Essex County,machine shop,"machine shop in Windsor, Ontario, Canada"
ChIJ73w43_csO4gRCo-Rs3TpdOA,Nickleson Machine & Tool Inc,"1562 Windsor Ave, Windsor, ON N8X 3M4, Canada",Windsor,Zone 1 — Windsor / Essex County,machine shop,"machine shop in Windsor, Ontario, Canada"
ChIJbyAYRUctO4gRfVlD5Rl0NEk,PT Machine Shop,"3041 Dougall Ave Suite 215, Windsor, ON N9E 1S3, Canada",Windsor,Zone 1 — Windsor / Essex County,machine shop,"machine shop in Windsor, Ontario, Canada"
ChIJm4awu8ErO4gRynBJYr_ENTs,Prahit Engineering,"3040 Jefferson Blvd Unit 4, Windsor, ON N8T 3G9, Canada",Windsor,Zone 1 — Windsor / Essex County,machine shop,"machine shop in Windsor, Ontario, Canada"
ChIJq_UDz-4xO4gRi2wTPgy4wzM,LT & D Tool & Die Inc,"685 Morton Dr, Windsor, ON N9J 3T9, Canada",Windsor,Zone 1 — Windsor / Essex County,machine shop,"machine shop in Windsor, Ontario, Canada"
ChIJl4gj7r8qO4gR_0LTtOxT2Pc,JRS Tool Ltd,"9154 Tecumseh Rd E, Windsor, ON N8R 1A2, Canada",Windsor,Zone 1 — Windsor / Essex County,machine shop,"machine shop in Windsor, Ontario, Canada"
ChIJlT6MBeUqO4gRq4SqIN5psa0,Preferred CNC Inc,"2705 Kew Dr, Windsor, ON N8T 3B7, Canada",Windsor,Zone 1 — Windsor / Essex County,machine shop,"machine shop in Windsor, Ontario, Canada"
ChIJ9dNTGgXVOogRJrRWjL7wTZw,Krueger Machining,"13390 Sylvestre Dr, Tecumseh, ON N9K 0C2, Canada",Windsor,Zone 1 — Windsor / Essex County,machine shop,"machine shop in Windsor, Ontario, Canada"
ChIJaX1BfrsrO4gR3DRKm9ax2V8,Advanced Machining Services Inc,"3232 Electricity Dr, Windsor, ON N8W 5J1, Canada",Windsor,Zone 1 — Windsor / Essex County,machine shop,"machine shop in Windsor, Ontario, Canada"
ChIJzfJc1fcrO4gRK9q7Rgu6UoQ,Elite Machining,"3232 Grand Marais Rd E, Windsor, ON N8W 1W6, Canada",Windsor,Zone 1 — Windsor / Essex County,machine shop,"machine shop in Windsor, Ontario, Canada"
ChIJzVnmbOErO4gRbgLfiG_cgbg,Sarata Manufacturing,"4790 North Service Rd E Rear Unit, Windsor, ON N8T 3J3, Canada",Windsor,Zone 1 — Windsor / Essex County,machine shop,"machine shop in Windsor, Ontario, Canada"
ChIJMUxGc8UqO4gRmLQXrkuUcic,FORJAY Machine Shop,"1360 Lauzon Rd, Windsor, ON N8S 4P6, Canada",Windsor,Zone 1 — Windsor / Essex County,machine shop,"machine shop in Windsor, Ontario, Canada"
ChIJcQxFVvcsO4gRcfLYJkQPUF8,Dynamo Machine & Tool Co Ltd,"1315 McDougall St, Windsor, ON N8X 3M6, Canada",Windsor,Zone 1 — Windsor / Essex County,machine shop,"machine shop in Windsor, Ontario, Canada"
ChIJUXxeocQtO4gROEI7aiAWvS0,Technicut Tool,"2285 Ambassador Dr, Windsor, ON N9C 3R8, Canada",Windsor,Zone 1 — Windsor / Essex County,machine shop,"machine shop in Windsor, Ontario, Canada"
ChIJzVUwlwsvO4gRqzpY8sZmi9U,AM-PRECISION-RMA Inc.,"9154 Tecumseh Rd E, Windsor, ON N8R 1A2, Canada",Windsor,Zone 1 — Windsor / Essex County,CNC machine shop,"CNC machine shop in Windsor, Ontario, Canada"
ChIJrW_QUYTUOogRo4tqlGlaVgk,Concorde Precision Machining Inc.,"481 Silver Creek Industrial Dr, Windsor, ON N8N 4W2, Canada",Windsor,Zone 1 — Windsor / Essex County,CNC machine shop,"CNC machine shop in Windsor, Ontario, Canada"
ChIJk0PboLrVOogRJXNEbC-jmes,Rajason Tools Inc,"11664 County Rd 42, Windsor, ON N8N 2M1, Canada",Windsor,Zone 1 — Windsor / Essex County,CNC machine shop,"CNC machine shop in Windsor, Ontario, Canada"
ChIJaYiQ-KEsO4gRP5u1t6D5zfM,J & C Tool & Die Ltd,"3400 Ontario St, Windsor, ON N8Y 1N9, Canada",Windsor,Zone 1 — Windsor / Essex County,CNC machine shop,"CNC machine shop in Windsor, Ontario, Canada"
ChIJhyHbSz73n6wRhb89Q0wBW34,Windsor Precision Works,"6240 Hawthorne Dr, Windsor, ON N8T 1J9, Canada",Windsor,Zone 1 — Windsor / Essex County,CNC machine shop,"CNC machine shop in Windsor, Ontario, Canada"
ChIJY55w7AYtO4gRcbxtmtpkprI,E-W Metal Works (1993) Inc,"1050 Crawford Ave, Windsor, ON N9A 5C9, Canada",Windsor,Zone 1 — Windsor / Essex County,metal fabrication,"metal fabrication in Windsor, Ontario, Canada"
ChIJUQ0WXwksO4gRRx9e7-40TrY,R J Steel and Copper Co.,"2910 Walker Rd b unit, Windsor, ON N8W 3R3, Canada",Windsor,Zone 1 — Windsor / Essex County,metal fabrication,"metal fabrication in Windsor, Ontario, Canada"
ChIJAQDQ1vwqO4gRw2C7tJyt0J8,WINDSOR METAL SERVICES,"2740 Jefferson Blvd Unit 3, Windsor, ON N8T 3C7, Canada",Windsor,Zone 1 — Windsor / Essex County,metal fabrication,"metal fabrication in Windsor, Ontario, Canada"
ChIJRRXE_h0tO4gRwxmdJ6P2sHc,Gheller Metalworks Ltd.,"Windsor, ON N9A 3G6, Canada",Windsor,Zone 1 — Windsor / Essex County,metal fabrication,"metal fabrication in Windsor, Ontario, Canada"
ChIJwcLk6RUpO4gRRHsyQBy9w6Y,A C Metal Fabricating Ltd,"2050 Blackacre Dr, Tecumseh, ON N0R 1L0, Canada",Windsor,Zone 1 — Windsor / Essex County,metal fabrication,"metal fabrication in Windsor, Ontario, Canada"
ChIJAQDwuF4rO4gRMX7amG-APlI,Cole's Metal Fabricating Ltd,"1195 Westcott Rd, Windsor, ON N8Y 4B7, Canada",Windsor,Zone 1 — Windsor / Essex County,metal fabrication,"metal fabrication in Windsor, Ontario, Canada"
ChIJHf8ddNIrO4gRc7V8HhvJFLQ,ARTMETAL Custom Wrought Iron,"3685 Cabana Road E, Windsor, ON N8V 0A5, Canada",Windsor,Zone 1 — Windsor / Essex County,metal fabrication,"metal fabrication in Windsor, Ontario, Canada"
ChIJSw7iXoArO4gRr1k5eDYIU0I,Steel and Welding,"2910 Unit C Walker Rd, Windsor, ON N8W 3R3, Canada",Windsor,Zone 1 — Windsor / Essex County,metal fabrication,"metal fabrication in Windsor, Ontario, Canada"
ChIJizCHRJIrO4gRC5xWW-0CkmA,JKD Custom,"3199 Walker Rd, Windsor, ON N8W 3R6, Canada",Windsor,Zone 1 — Windsor / Essex County,metal fabrication,"metal fabrication in Windsor, Ontario, Canada"
ChIJM38sDJAsO4gRNfLgM6aB-uU,Cunningham Sheet Metal (Windsor) Ltd.,"2060 Blackacre Dr, Tecumseh, ON N0R 1L0, Canada",Windsor,Zone 1 — Windsor / Essex County,metal fabrication,"metal fabrication in Windsor, Ontario, Canada"
ChIJj7WEAWwpO4gRPhn9LCS3smo,Penn Fabrication Inc,"Tecumseh, ON N9G 3E2, Canada",Windsor,Zone 1 — Windsor / Essex County,metal fabrication,"metal fabrication in Windsor, Ontario, Canada"
ChIJtUqZN6UrO4gRLXXMGBay1RA,Wholesale Metal Supply,"4790 North Service Rd E unit c, Windsor, ON N8T 3P3, Canada",Windsor,Zone 1 — Windsor / Essex County,metal fabrication,"metal fabrication in Windsor, Ontario, Canada"
ChIJIXmzSMrXOogRmcfET4M7b_0,FCF Custom Fab,"5515 Roscon Industrial Dr, Tecumseh, ON N0R 1L0, Canada",Windsor,Zone 1 — Windsor / Essex County,metal fabrication,"metal fabrication in Windsor, Ontario, Canada"
ChIJRy_UNZksO4gRNTm8OeGttcI,Valco Manufacturing Inc. (Valiant TMS),"1235 St Luke Rd, Windsor, ON N8Y 4W7, Canada",Windsor,Zone 1 — Windsor / Essex County,metal fabrication,"metal fabrication in Windsor, Ontario, Canada"
ChIJM47PwNwuO4gR2uUHRvXRWG8,"Propower Manufacturing, Inc.","5000 Howard Business Pkwy, LaSalle, ON N9H 0L9, Canada",Windsor,Zone 1 — Windsor / Essex County,metal fabrication,"metal fabrication in Windsor, Ontario, Canada"
ChIJK4aywgYtO4gRcOg0wYgTRgk,Bear Construction & Engineering Inc,"5394 Outer Dr, Windsor, ON N9G 0C4, Canada",Windsor,Zone 1 — Windsor / Essex County,metal fabrication,"metal fabrication in Windsor, Ontario, Canada"
ChIJud1bKJErO4gRg1hlJN-mUZA,Thunder Fabrication,"4375 County Rd 42, Windsor, ON N8V 0A2, Canada",Windsor,Zone 1 — Windsor / Essex County,fabrication shop,"fabrication shop in Windsor, Ontario, Canada"
ChIJ8SAR9IcqO4gRr5vnejHrV7g,Roman Tool & Fabricating Inc,"8300 Twin Oaks Dr, Windsor, ON N8N 5C2, Canada",Windsor,Zone 1 — Windsor / Essex County,fabrication shop,"fabrication shop in Windsor, Ontario, Canada"
ChIJUUN8b2opO4gR1BGjWszefF4,General Welding & Repair,"5150 Halford Dr, Windsor, ON N0R 1L0, Canada",Windsor,Zone 1 — Windsor / Essex County,fabrication shop,"fabrication shop in Windsor, Ontario, Canada"
ChIJb1Z3NO8xO4gRyA3oRF9v9js,Novelletto Machine Repair & Fabricating (1991) Ltd,"745 Morton Dr, Windsor, ON N9J 3V1, Canada",Windsor,Zone 1 — Windsor / Essex County,fabrication shop,"fabrication shop in Windsor, Ontario, Canada"
ChIJC9q9PpMrO4gRw3G1dV04eAw,Industrial Tools & Supplies,"3300 Walker Rd, Windsor, ON N8W 3S1, Canada",Windsor,Zone 1 — Windsor / Essex County,industrial supplier,"industrial supplier in Windsor, Ontario, Canada"
ChIJKQKgAqcsO4gRxsbqAa7b3KU,Checker Industrial Ltd,"3345 Wyandotte St E, Windsor, ON N8Y 1E9, Canada",Windsor,Zone 1 — Windsor / Essex County,industrial supplier,"industrial supplier in Windsor, Ontario, Canada"
ChIJDzd8Xd0rO4gRRupKzJKQOGg,Lunar Industrial Supplies,"3895 Walker Rd, Windsor, ON N8W 3T1, Canada",Windsor,Zone 1 — Windsor / Essex County,industrial supplier,"industrial supplier in Windsor, Ontario, Canada"
ChIJUUN8b2opO4gR7u58AW-EWto,Sky Industrial Supplies Inc,"1560 Moro Dr, Tecumseh, ON N9G 0B9, Canada",Windsor,Zone 1 — Windsor / Essex County,industrial supplier,"industrial supplier in Windsor, Ontario, Canada"
ChIJF9pm63IsO4gRvtHG2reNoOM,WFS Ltd,"730 N Service Rd, Windsor, ON N8X 3J3, Canada",Windsor,Zone 1 — Windsor / Essex County,industrial supplier,"industrial supplier in Windsor, Ontario, Canada"
ChIJawv_QKUrO4gRZrn5NjtfWiw,LSI Supply Inc,"810 N Service Rd, Windsor, ON N8X 5A9, Canada",Windsor,Zone 1 — Windsor / Essex County,industrial supplier,"industrial supplier in Windsor, Ontario, Canada"
ChIJz9kOJQ4pO4gRjIfeB9ceCYA,Windsor Industrial Services,"5015 8th Concession Road, Maidstone, ON N0R 1K0, Canada",Windsor,Zone 1 — Windsor / Essex County,industrial supplier,"industrial supplier in Windsor, Ontario, Canada"
ChIJHyv4kz8pO4gRyGMPMtNjxgA,TATE Industrial Sales,"1680 Rossi Dr, Windsor, ON N9G 0B8, Canada",Windsor,Zone 1 — Windsor / Essex County,industrial supplier,"industrial supplier in Windsor, Ontario, Canada"
ChIJq6qq6tYuO4gRWvij5Qv9iEw,CenterLine (Windsor) Limited,"415 Morton Dr, Windsor, ON N9J 3T8, Canada",Windsor,Zone 1 — Windsor / Essex County,industrial supplier,"industrial supplier in Windsor, Ontario, Canada"
ChIJLwmRUQApO4gRXWxdNDiIZkA,MacKenzie Industrial & Safety,"4295 7th Concession Rd, Windsor, ON N8V 0A7, Canada",Windsor,Zone 1 — Windsor / Essex County,industrial supplier,"industrial supplier in Windsor, Ontario, Canada"
ChIJsxDVLg4pO4gRVzyMfxiyflU,Morton Industrial Sales & Service,"1720 Rossi Dr, Oldcastle, ON N0R 1L0, Canada",Windsor,Zone 1 — Windsor / Essex County,industrial supplier,"industrial supplier in Windsor, Ontario, Canada"
ChIJ7w-7PJMrO4gRKf_lc78cyh0,Great Lakes Supply,"3545 Walker Rd, Windsor, ON N8W 3S5, Canada",Windsor,Zone 1 — Windsor / Essex County,industrial supplier,"industrial supplier in Windsor, Ontario, Canada"
ChIJ_3I5n3IpO4gRklDsPXri0DI,Checker Industrial Ltd,"2650 N Talbot Rd, Oldcastle, ON N0R 1L0, Canada",Windsor,Zone 1 — Windsor / Essex County,industrial supplier,"industrial supplier in Windsor, Ontario, Canada"
ChIJ__-_RHMpO4gRA3M2zFpDICA,White Cap (Formerly Brafasco),"3350 N Talbot Rd Unit 1, Windsor, ON N0R 1L0, Canada",Windsor,Zone 1 — Windsor / Essex County,industrial supplier,"industrial supplier in Windsor, Ontario, Canada"
ChIJzwfruFcqO4gRd1NSPVIUOfA,Marks Supply Inc. - Windsor,"3235 Jefferson Blvd, Windsor, ON N8T 2W7, Canada",Windsor,Zone 1 — Windsor / Essex County,industrial supplier,"industrial supplier in Windsor, Ontario, Canada"
ChIJb78e00nWOogRWWJj_BoFgTc,Fastenal Canada Fulfillment Center,"5815 Outer Dr Unit 100, Windsor, ON N9G 0C4, Canada",Windsor,Zone 1 — Windsor / Essex County,industrial supplier,"industrial supplier in Windsor, Ontario, Canada"
ChIJBQbIeYwuO4gRi-4i9P5b-H0,Linde Canada Inc.,"4051 County Rd 42, Windsor, ON N8V 0A5, Canada",Windsor,Zone 1 — Windsor / Essex County,industrial supplier,"industrial supplier in Windsor, Ontario, Canada"
ChIJtxj6S74rO4gRxdlTSdglzO8,SPIROL Canada,"3103 St Etienne Blvd, Windsor, ON N8W 5B1, Canada",Windsor,Zone 1 — Windsor / Essex County,industrial supplier,"industrial supplier in Windsor, Ontario, Canada"
ChIJASzJuqQsO4gRDIc6YWPraE4,Supply Depot Cash & Carry,"2601 Wyandotte St E, Windsor, ON N8Y 0A5, Canada",Windsor,Zone 1 — Windsor / Essex County,industrial supplier,"industrial supplier in Windsor, Ontario, Canada"
ChIJ7Sw0IGEpO4gRiC5Vmpd6LT4,Messer Industrial Gas & Welding Supplies | Windsor,"1935 Provincial Rd, Windsor, ON N8W 5V7, Canada",Windsor,Zone 1 — Windsor / Essex County,industrial supplier,"industrial supplier in Windsor, Ontario, Canada"
ChIJrTkN6n3TOogR-GAIDxMmC7Y,International Machinery,"326 Patillo Rd, Tecumseh, ON N8N 2L9, Canada",Windsor,Zone 1 — Windsor / Essex County,industrial equipment supplier,"industrial equipment supplier in Windsor, Ontario, Canada"
ChIJd9nxJActO4gReWTOB0M_2I0,Germaine Restaurant Supply,"1131 Crawford Ave, Windsor, ON N9A 5E1, Canada",Windsor,Zone 1 — Windsor / Essex County,industrial equipment supplier,"industrial equipment supplier in Windsor, Ontario, Canada"
ChIJq6o6DxErO4gROCYV4xMHODo,Cook Supply,"5060 Tecumseh Rd E, Windsor, ON N8T 1C1, Canada",Windsor,Zone 1 — Windsor / Essex County,industrial equipment supplier,"industrial equipment supplier in Windsor, Ontario, Canada"
ChIJzfJc1fcrO4gRI0isXMVbmWg,Arbon Equipment Canada,"4510 Rhodes Dr #820, Windsor, ON N8W 5K5, Canada",Windsor,Zone 1 — Windsor / Essex County,industrial equipment supplier,"industrial equipment supplier in Windsor, Ontario, Canada"
ChIJw7XysqQsO4gRqUXf3Vnn1wo,Champion Products,"2601 Wyandotte St E, Windsor, ON N8Y 1V2, Canada",Windsor,Zone 1 — Windsor / Essex County,industrial equipment supplier,"industrial equipment supplier in Windsor, Ontario, Canada"
ChIJj3tDjgYtO4gRVWrk4N98iE0,Merchants Paper Company Windsor Limited.,"975 Crawford Ave, Windsor, ON N9A 5C8, Canada",Windsor,Zone 1 — Windsor / Essex County,industrial equipment supplier,"industrial equipment supplier in Windsor, Ontario, Canada"
ChIJZRnTq3gsO4gR5Xpjeo7y5K4,Windsor Industrial Services,"5015 8th Concession RR3, Maidstone, ON N0R 1K0, Canada",Windsor,Zone 1 — Windsor / Essex County,industrial equipment supplier,"industrial equipment supplier in Windsor, Ontario, Canada"
ChIJjX0f4h0tO4gRPLq3jRd98bE,Aspire Products ltd,"1176 Ouellette Ave #801, Windsor, ON N9A 1C9, Canada",Windsor,Zone 1 — Windsor / Essex County,industrial equipment supplier,"industrial equipment supplier in Windsor, Ontario, Canada"
ChIJb4FKilgrO4gR3VPj8RAPPds,Windsor Fulfillment Corp,"850 Division Rd, Windsor, ON N8W 5R9, Canada",Windsor,Zone 1 — Windsor / Essex County,warehouse,"warehouse in Windsor, Ontario, Canada"
ChIJn5uauoIrO4gRB9bn__I62-A,DLC8 - Amazon Delivery Station,"2945 Dodge Dr, Windsor, ON N8W 4J5, Canada",Windsor,Zone 1 — Windsor / Essex County,warehouse,"warehouse in Windsor, Ontario, Canada"
ChIJAb5ilOotO4gRhhDRQUE-QsU,Wolverine Warehousing & Distribution Limited - WWD1,"3950 Malden Rd, Windsor, ON N9C 2G4, Canada",Windsor,Zone 1 — Windsor / Essex County,warehouse,"warehouse in Windsor, Ontario, Canada"
ChIJi2Jokh0tO4gR4zF390c6Xqg,Liquidation Center Wholesale,"310 Hanna St E, Windsor, ON N8W 4W6, Canada",Windsor,Zone 1 — Windsor / Essex County,warehouse,"warehouse in Windsor, Ontario, Canada"
ChIJ2ai2PPExO4gRSHK3cHnUJtY,Buske Logistics and Warehousing,"625 Sprucewood Ave, Windsor, ON N9C 0B3, Canada",Windsor,Zone 1 — Windsor / Essex County,warehouse,"warehouse in Windsor, Ontario, Canada"
ChIJ3TwIOLYxO4gRTC4p43rUfv8,Buske Logistics,"599 Sprucewood Ave, Windsor, ON N9C 0B3, Canada",Windsor,Zone 1 — Windsor / Essex County,warehouse,"warehouse in Windsor, Ontario, Canada"
ChIJWYZdGBYsO4gRNetbXlHy8Cs,Wholesale Club Dougall Road,"2950 Dougall Rd, Windsor, ON N9E 1S2, Canada",Windsor,Zone 1 — Windsor / Essex County,warehouse,"warehouse in Windsor, Ontario, Canada"
ChIJp_9jLdQtO4gRXYW1u8Ktk10,MNSi Telecom Warehouse,"3233 Devon Dr, Windsor, ON N8X 4L5, Canada",Windsor,Zone 1 — Windsor / Essex County,warehouse,"warehouse in Windsor, Ontario, Canada"
ChIJ8yiS3OktO4gRJ_yalJGHKNU,CBSA Commercial Offsite,"4285 Industrial Dr, Windsor, ON N9C 3R9, Canada",Windsor,Zone 1 — Windsor / Essex County,warehouse,"warehouse in Windsor, Ontario, Canada"
ChIJw43ud8QtO4gR2cgqAX1o7L0,Wolverine Warehousing & Distribution Limited - WWD2,"2085 Industrial Dr, Windsor, ON N9C 2L9, Canada",Windsor,Zone 1 — Windsor / Essex County,warehouse,"warehouse in Windsor, Ontario, Canada"
ChIJh9pvR70sO4gR0uPa8dxjVrg,The Party Warehouse,"2601 Wyandotte St E, Windsor, ON N8Y 0A5, Canada",Windsor,Zone 1 — Windsor / Essex County,warehouse,"warehouse in Windsor, Ontario, Canada"
ChIJHd_UmQUtO4gRShRAR-IbJLQ,Border City Inspection Facility,"1019 Elliott St W, Windsor, ON N9A 5Z8, Canada",Windsor,Zone 1 — Windsor / Essex County,warehouse,"warehouse in Windsor, Ontario, Canada"
ChIJF0guW8gtO4gRVZuhi4TGpwI,Amazon - DQG1,"3181 Devon Dr #2, Windsor, ON N8X 4L3, Canada",Windsor,Zone 1 — Windsor / Essex County,warehouse,"warehouse in Windsor, Ontario, Canada"
ChIJp5GtL5gsO4gRkWDeq-wAYn8,Border Reload,"1220 Walker Rd, Windsor, ON N8Y 4T4, Canada",Windsor,Zone 1 — Windsor / Essex County,warehouse,"warehouse in Windsor, Ontario, Canada"
ChIJiaB8mn0rO4gRf8dkUH_7Q2Y,Canadian Premier Rhodes Warehouse,"4525 Rhodes Dr #400, Windsor, ON N8W 5R8, Canada",Windsor,Zone 1 — Windsor / Essex County,warehouse,"warehouse in Windsor, Ontario, Canada"
ChIJIRF0wmssO4gR5x-nAyGkxyI,Wireless Warehouse,"2730 Howard Ave #2, Windsor, ON N8X 3X6, Canada",Windsor,Zone 1 — Windsor / Essex County,warehouse,"warehouse in Windsor, Ontario, Canada"
ChIJs9Z82vksO4gRVaQMeYA_H4M,C S Logistics,"255 Ellis St E, Windsor, ON N8X 3M8, Canada",Windsor,Zone 1 — Windsor / Essex County,warehouse,"warehouse in Windsor, Ontario, Canada"
ChIJryi3PSYtO4gRf0sE7g_FRKU,Hearn Industrial Services Shipping Dock,"1400 Walker Rd, Windsor, ON N8Y 1X3, Canada",Windsor,Zone 1 — Windsor / Essex County,warehouse,"warehouse in Windsor, Ontario, Canada"
ChIJqV5l-MEtO4gRkZUYu-1lvVM,UPS Supply Chain Solutions,"4180 Industrial Dr, Windsor, ON N9C 3R8, Canada",Windsor,Zone 1 — Windsor / Essex County,warehouse,"warehouse in Windsor, Ontario, Canada"
ChIJW9SNW_YsO4gRx_rLJGaNPRQ,Windsor Freezer Services Ltd,"1518 Mercer St, Windsor, ON N8X 3P5, Canada",Windsor,Zone 1 — Windsor / Essex County,warehouse,"warehouse in Windsor, Ontario, Canada"
ChIJ61ZAMfAqO4gRro8NDkADfNE,Stratus Plastics International Inc,"2862 Kew Dr, Windsor, ON N8T 3C6, Canada",Windsor,Zone 1 — Windsor / Essex County,plastics manufacturer,"plastics manufacturer in Windsor, Ontario, Canada"
ChIJUUN8b2opO4gR70sw1kFkNWE,Hawk Plastics Ltd,"5295 Burke St, Oldcastle, ON N9G 0B9, Canada",Windsor,Zone 1 — Windsor / Essex County,plastics manufacturer,"plastics manufacturer in Windsor, Ontario, Canada"
ChIJsxDVLg4pO4gRbw8SC2DdXVg,Proto Plastics Canada Ltd,"1880 Blackacre Dr, Tecumseh, ON N0R 1L0, Canada",Windsor,Zone 1 — Windsor / Essex County,plastics manufacturer,"plastics manufacturer in Windsor, Ontario, Canada"
ChIJZRnTq3gsO4gRFfRmpfCoTRQ,Injection Technologies Inc,"4350 Industrial Dr, Windsor, ON N9C 3R8, Canada",Windsor,Zone 1 — Windsor / Essex County,plastics manufacturer,"plastics manufacturer in Windsor, Ontario, Canada"
ChIJveZq0gwyO4gRPfmcBcXndyU,Papp Plastics Warehouse,"4100 Sandwich St., Windsor, ON N9C 1C5, Canada",Windsor,Zone 1 — Windsor / Essex County,plastics manufacturer,"plastics manufacturer in Windsor, Ontario, Canada"
ChIJmbihmHYrO4gRMrWMwNqJlMY,Centoco Plastics Ltd,"2450 Central Ave, Windsor, ON N8W 4J3, Canada",Windsor,Zone 1 — Windsor / Essex County,plastics manufacturer,"plastics manufacturer in Windsor, Ontario, Canada"
ChIJJ21bOF0sO4gRlN4S1tbrv0g,Royal Plastics,"2488 McDougall St, Windsor, ON N8X 3N7, Canada",Windsor,Zone 1 — Windsor / Essex County,plastics manufacturer,"plastics manufacturer in Windsor, Ontario, Canada"
ChIJsxDVLg4pO4gRClOXGSYb42U,Montel Plastics Ltd,"4200 Delduca Dr, Oldcastle, ON N0R 1L0, Canada",Windsor,Zone 1 — Windsor / Essex County,plastics manufacturer,"plastics manufacturer in Windsor, Ontario, Canada"
ChIJdbAOHisrO4gREd-2QfAu2xI,KB Components plant 1,"2900 St Etienne Blvd, Windsor, ON N8W 5B1, Canada",Windsor,Zone 1 — Windsor / Essex County,plastics manufacturer,"plastics manufacturer in Windsor, Ontario, Canada"
ChIJ33R-cXMyO4gRBJteSKSd_aE,Wolverine Plastics Manufacturing Inc,"4027 Sandwich St., Windsor, ON N9C 1C3, Canada",Windsor,Zone 1 — Windsor / Essex County,plastics manufacturer,"plastics manufacturer in Windsor, Ontario, Canada"
ChIJw_0JC0ApO4gROwKI6qg_Scw,Hawk Plastics Ltd Plant 2,"1600 Moro Dr, Tecumseh, ON N9G 0B9, Canada",Windsor,Zone 1 — Windsor / Essex County,plastics manufacturer,"plastics manufacturer in Windsor, Ontario, Canada"
ChIJyXcsncrXOogRIfPRYdncl_Q,Neimar Plastic Products Inc.,"4790 North Service Rd E Unit B, Windsor, ON N8W 5R7, Canada",Windsor,Zone 1 — Windsor / Essex County,plastics manufacturer,"plastics manufacturer in Windsor, Ontario, Canada"
ChIJ-bhmD94sO4gRHjwupFXKUKw,"UPS Mold Co., Ltd","568 Chatham St E #2, Windsor, ON N9A 2X1, Canada",Windsor,Zone 1 — Windsor / Essex County,plastics manufacturer,"plastics manufacturer in Windsor, Ontario, Canada"
ChIJpesFwYksO4gRFACxuBGjOIY,Tron Sea Plastic,"1555 Kildare Rd, Windsor, ON N8W 2W2, Canada",Windsor,Zone 1 — Windsor / Essex County,plastics manufacturer,"plastics manufacturer in Windsor, Ontario, Canada"
ChIJx0WZu9UtO4gRykT76EImSqw,Essex County Packaging,"3315 Devon Dr, Windsor, ON N8X 4L5, Canada",Windsor,Zone 1 — Windsor / Essex County,packaging manufacturer,"packaging manufacturer in Windsor, Ontario, Canada"
ChIJT6PDaPLUOogRaHmwbKGUU0g,Post Packaging Of Windsor,"462 Jutras Dr S, Windsor, ON N8N 5C5, Canada",Windsor,Zone 1 — Windsor / Essex County,packaging manufacturer,"packaging manufacturer in Windsor, Ontario, Canada"
ChIJu9I0PO4tO4gRBLo7PfRJ2ec,Packaging Depot - FedEx DHL Purolator Authorized,"2375 Tecumseh Rd W # 1, Windsor, ON N9B 1W2, Canada",Windsor,Zone 1 — Windsor / Essex County,packaging manufacturer,"packaging manufacturer in Windsor, Ontario, Canada"
ChIJC8e9pkcsO4gRPXzHOo3M5Qs,Green Processing Company Inc.,"2249 S Cameron Blvd, Windsor, ON N9B 3P6, Canada",Windsor,Zone 1 — Windsor / Essex County,packaging manufacturer,"packaging manufacturer in Windsor, Ontario, Canada"
ChIJB_AU7-QqO4gRquHZBJ9ois0,Paul's Paper Inc.,"6680 Hawthorne Dr, Windsor, ON N8T 1J9, Canada",Windsor,Zone 1 — Windsor / Essex County,packaging manufacturer,"packaging manufacturer in Windsor, Ontario, Canada"
ChIJm5aSwHIpO4gRFT5k13InYqo,Windsor Pallet Ltd.,"2890 N Talbot Rd, Oldcastle, ON N0R 1L0, Canada",Windsor,Zone 1 — Windsor / Essex County,packaging manufacturer,"packaging manufacturer in Windsor, Ontario, Canada"
ChIJq6ru1fwrO4gRSQbW6459wv8,JPE Packaging Engineering,"1065 Cabana Road E, Windsor, ON N8W 5W7, Canada",Windsor,Zone 1 — Windsor / Essex County,packaging manufacturer,"packaging manufacturer in Windsor, Ontario, Canada"
ChIJJ_6N8TszO4gRkG2mFH5sElc,Green Processing Company Inc.,"4005 Peter St, Windsor, ON N9C 1K3, Canada",Windsor,Zone 1 — Windsor / Essex County,packaging manufacturer,"packaging manufacturer in Windsor, Ontario, Canada"
ChIJrTOli5bFhVQRUVY6lgU0D2M,Nexe Innovations,"6845 Hawthorne Dr, Windsor, ON N8T 3B8, Canada",Windsor,Zone 1 — Windsor / Essex County,packaging manufacturer,"packaging manufacturer in Windsor, Ontario, Canada"
ChIJyfJB2l8rO4gRFmv9f3DSK04,Canadian Material Repack Inc.,"1-4355 County Rd 42 Airport Business Park, Windsor, ON N8V 0A5, Canada",Windsor,Zone 1 — Windsor / Essex County,packaging manufacturer,"packaging manufacturer in Windsor, Ontario, Canada"
ChIJq6ra5QYtO4gRFbk0th9B0iA,Food importer and wholesale food distributor,"1075 Crawford Ave, Windsor, ON N9A 5E1, Canada",Windsor,Zone 1 — Windsor / Essex County,food manufacturer,"food manufacturer in Windsor, Ontario, Canada"
ChIJg-AW1uHUOogRsIAujI3doO8,Cedar Valley,"3040 Deziel Dr Unit 2, Windsor, ON N8W 5A5, Canada",Windsor,Zone 1 — Windsor / Essex County,food manufacturer,"food manufacturer in Windsor, Ontario, Canada"
ChIJyXcsncrXOogRj_WCD0p-qOU,Morton Food Service (a Division of Morton Wholesale Ltd.),"1925 Halford Dr, Windsor, ON N9G 3E2, Canada",Windsor,Zone 1 — Windsor / Essex County,food manufacturer,"food manufacturer in Windsor, Ontario, Canada"
ChIJMw2Jr5AsO4gROwhRtmKflBs,Nizam Produce Inc,"1030 Walker Rd, Windsor, ON N8Y 2N7, Canada",Windsor,Zone 1 — Windsor / Essex County,food manufacturer,"food manufacturer in Windsor, Ontario, Canada"
ChIJAZrBtNItO4gRDf8S3F1idQs,MK Food Company - Windsor,"3243 Marentette Ave Suite A, Windsor, ON N8X 4G3, Canada",Windsor,Zone 1 — Windsor / Essex County,food manufacturer,"food manufacturer in Windsor, Ontario, Canada"
ChIJs-da7VsrO4gRZsBCYkX9md8,Royal Foods Ltd,"1117 George Ave, Windsor, ON N8Y 2X4, Canada",Windsor,Zone 1 — Windsor / Essex County,food manufacturer,"food manufacturer in Windsor, Ontario, Canada"
ChIJR4GkXwYyO4gRBuDxJR2KTRs,Dainty Foods,"725 Broadway St, Windsor, ON N9C 0C1, Canada",Windsor,Zone 1 — Windsor / Essex County,food manufacturer,"food manufacturer in Windsor, Ontario, Canada"
ChIJQ-b1CqstO4gRgFCYk7YWtlk,Galati Cheese Co LTD,"931 Tecumseh Rd W, Windsor, ON N8X 2A9, Canada",Windsor,Zone 1 — Windsor / Essex County,food manufacturer,"food manufacturer in Windsor, Ontario, Canada"
ChIJDTVQtiotO4gRoaul8z_z1LA,Belwood poultry Windsor,"1518 Mercer St, Windsor, ON N8X 3P5, Canada",Windsor,Zone 1 — Windsor / Essex County,food manufacturer,"food manufacturer in Windsor, Ontario, Canada"
ChIJd8o4tIEtO4gRzbmiqtE8Re4,Sandwich Brewing Company,"3232 Sandwich St., Windsor, ON N9C 1A8, Canada",Windsor,Zone 1 — Windsor / Essex County,food manufacturer,"food manufacturer in Windsor, Ontario, Canada"
ChIJYRzntucsO4gRl45QRMmlUgo,Royal Pita Baking Company,"e 3j5, 701 Wyandotte St E, Windsor, ON N9A 3J5, Canada",Windsor,Zone 1 — Windsor / Essex County,food manufacturer,"food manufacturer in Windsor, Ontario, Canada"
ChIJhZuVUGspO4gRUqX9D5A1Ku8,Manor Tool & Die Ltd.,"5264 Pulleyblank St, Windsor, ON N0R 1L0, Canada",Windsor,Zone 1 — Windsor / Essex County,tool and die maker,"tool and die maker in Windsor, Ontario, Canada"
ChIJaY0mmXMpO4gREzq2OTQcIBU,Saturn Tool & Die Inc,"5175 Hennin St, Oldcastle, ON N0R 1L0, Canada",Windsor,Zone 1 — Windsor / Essex County,tool and die maker,"tool and die maker in Windsor, Ontario, Canada"
ChIJ07Q1d3UpO4gRQ0r07SyS_7o,Sigma Engineering Windsor Inc,"5101 Ure St, Oldcastle, ON N0R 1L0, Canada",Windsor,Zone 1 — Windsor / Essex County,tool and die maker,"tool and die maker in Windsor, Ontario, Canada"
ChIJcb2CYRMpO4gR50iN_PeJd8E,Classic Tool & Die Inc.,"2325 Olympia Dr, Oldcastle, ON N0R 1L0, Canada",Windsor,Zone 1 — Windsor / Essex County,tool and die maker,"tool and die maker in Windsor, Ontario, Canada"
ChIJrUP0GwosO4gRAJNhapVv3F4,.,"3200 Devon Dr, Windsor, ON N8X 4L4, Canada",Windsor,Zone 1 — Windsor / Essex County,tool and die maker,"tool and die maker in Windsor, Ontario, Canada"
ChIJ0Qtc63UpO4gRgb6cnl3aawU,Anderdon Machine & Tool,"5170 Ure St, Oldcastle, ON N0R 1L0, Canada",Windsor,Zone 1 — Windsor / Essex County,tool and die maker,"tool and die maker in Windsor, Ontario, Canada"
ChIJf-r0sYUsO4gRKXhpGcJ-kbc,Windsor Tool & Die,"1694 Kildare Rd, Windsor, ON N8W 2W6, Canada",Windsor,Zone 1 — Windsor / Essex County,tool and die maker,"tool and die maker in Windsor, Ontario, Canada"
ChIJA93LoEcsO4gRiOC8MPs2Dr0,Canadian Engineering & Tool Co Ltd,"2265 S Cameron Blvd, Windsor, ON N9B 3P6, Canada",Windsor,Zone 1 — Windsor / Essex County,tool and die maker,"tool and die maker in Windsor, Ontario, Canada"
ChIJywmgTtkrO4gRecvy6NkrdJc,NextGen Mold Technologies Inc,"3293 St Etienne Blvd, Windsor, ON N8W 5B1, Canada",Windsor,Zone 1 — Windsor / Essex County,injection molding company,"injection molding company in Windsor, Ontario, Canada"
ChIJsxDVLg4pO4gR-yo6rvTo2mc,Integrity Tool and Mold Inc.,"5015 O'Neil, Oldcastle, ON N0R 1L0, Canada",Windsor,Zone 1 — Windsor / Essex County,injection molding company,"injection molding company in Windsor, Ontario, Canada"
ChIJratVe5cpO4gRK52DFG7IKLk,Titan Mold Inc.,"2170 Fasan Dr, Tecumseh, ON N0R 1L0, Canada",Windsor,Zone 1 — Windsor / Essex County,injection molding company,"injection molding company in Windsor, Ontario, Canada"
ChIJM6k4YIkpO4gRf97KpyedXmU,Sequel Tool and Mold Inc.,"2085 Blackacre Dr, Oldcastle, ON N0R 1L0, Canada",Windsor,Zone 1 — Windsor / Essex County,injection molding company,"injection molding company in Windsor, Ontario, Canada"
ChIJja1SToTUOogRYX2k70BB3fs,Circle 5,"485 Silver Creek Industrial Dr, Windsor, ON N8N 4W2, Canada",Windsor,Zone 1 — Windsor / Essex County,injection molding company,"injection molding company in Windsor, Ontario, Canada"
ChIJyXcsncrXOogRz-JuIMYS9oE,React Tool & Mold Inc,"1765 Moro Dr, Tecumseh, ON N9G 0B9, Canada",Windsor,Zone 1 — Windsor / Essex County,injection molding company,"injection molding company in Windsor, Ontario, Canada"
ChIJyXcsncrXOogRD1sGmtEUHGA,Superior Tool & Mold Inc,"1665 Moro Dr, Oldcastle, ON N9G 0B9, Canada",Windsor,Zone 1 — Windsor / Essex County,injection molding company,"injection molding company in Windsor, Ontario, Canada"
ChIJUUN8b2opO4gRhIz8zHzo9Fg,Standard Tool & Mold Inc,"5110 Halford Dr, Oldcastle, ON N9G 0B8, Canada",Windsor,Zone 1 — Windsor / Essex County,injection molding company,"injection molding company in Windsor, Ontario, Canada"
ChIJm5-ArTkpO4gRXHJum-2IXQs,NeoVision Technology Inc,"5540 Outer Dr, Windsor, ON N9G 0C3, Canada",Windsor,Zone 1 — Windsor / Essex County,injection molding company,"injection molding company in Windsor, Ontario, Canada"
ChIJmZ1YyzcpO4gRh649w-v-i5M,Integrity Tool & Mold Innovation Centre,"3145 N Talbot Rd, Oldcastle, ON N0R 1L0, Canada",Windsor,Zone 1 — Windsor / Essex County,injection molding company,"injection molding company in Windsor, Ontario, Canada"
ChIJ1_9IhbwpO4gRbr-tEBKyc8s,Buske Logistics,"5265 Outer Dr, Tecumseh, ON N9G 0C4, Canada",Windsor,Zone 1 — Windsor / Essex County,logistics warehouse,"logistics warehouse in Windsor, Ontario, Canada"
ChIJJdtylW0pO4gRkze1Xycf46Q,LAUZON LOGISTICS,"4955 Walker Rd, Windsor, ON N9G 0C6, Canada",Windsor,Zone 1 — Windsor / Essex County,logistics warehouse,"logistics warehouse in Windsor, Ontario, Canada"
ChIJgwnWOMAtO4gRYGLklewhnI0,Universal Logistics Inc.,"4045 Industrial Dr, Windsor, ON N9C 2R8, Canada",Windsor,Zone 1 — Windsor / Essex County,logistics warehouse,"logistics warehouse in Windsor, Ontario, Canada"
ChIJjz8CDQArO4gRu49Zh8nJBBI,Pantos Windsor Truck Parking,"9698 Twin Oaks Dr #9436, Windsor, ON N8N 5E8, Canada",Windsor,Zone 1 — Windsor / Essex County,logistics warehouse,"logistics warehouse in Windsor, Ontario, Canada"
ChIJE_zTBWspO4gR8Vp2nOqbDdo,Hemo Logistics Inc,"2015 N Talbot Rd, Oldcastle, ON N9G 0C2, Canada",Windsor,Zone 1 — Windsor / Essex County,logistics warehouse,"logistics warehouse in Windsor, Ontario, Canada"
ChIJ5z9WE7UtO4gRN9gpTOg_qxE,"AR Logistics Group, Inc.","4285 Industrial Dr, Windsor, ON N9C 3R9, Canada",Windsor,Zone 1 — Windsor / Essex County,logistics warehouse,"logistics warehouse in Windsor, Ontario, Canada"
ChIJRYdD-h4rO4gRXaz1LGi2VJQ,Worldwide mailers inc.,"3040 Deziel Dr, Windsor, ON N8W 5H8, Canada",Windsor,Zone 1 — Windsor / Essex County,logistics warehouse,"logistics warehouse in Windsor, Ontario, Canada"
ChIJsR9KQhd8oiIRROukEJlsGH4,PTI Quality Containment Solutions,"2744 Edna St, Windsor, ON N8Y 0A5, Canada",Windsor,Zone 1 — Windsor / Essex County,logistics warehouse,"logistics warehouse in Windsor, Ontario, Canada"
ChIJEVZM7pUtO4gReFVomWfpRMA,Loonie Prints,"719 Erie St E, Windsor, ON N9A 3Y3, Canada",Windsor,Zone 1 — Windsor / Essex County,commercial printing company,"commercial printing company in Windsor, Ontario, Canada"
ChIJm2W0DI8tO4gRMecent870mc,A&A Associates Printing and Design Inc.,"1490 Tecumseh Rd E, Windsor, ON N8W 1C1, Canada",Windsor,Zone 1 — Windsor / Essex County,commercial printing company,"commercial printing company in Windsor, Ontario, Canada"
ChIJW4WRbP0rO4gR6kv8j1d5Fo8,Sunshine Printing & Sign Ltd,"3387 Walker Rd, Windsor, ON N8W 5C9, Canada",Windsor,Zone 1 — Windsor / Essex County,commercial printing company,"commercial printing company in Windsor, Ontario, Canada"
ChIJaxUgor8tO4gRD6R_rF27JtQ,Allegra Marketing Print Mail,"1800 Huron Church Rd, Windsor, ON N9C 2L5, Canada",Windsor,Zone 1 — Windsor / Essex County,commercial printing company,"commercial printing company in Windsor, Ontario, Canada"
ChIJmboM6lstO4gRlPRGXvll8ik,thePRINTbroker - Windsor Branch,"1107 Ouellette Ave, Windsor, ON N9A 4K1, Canada",Windsor,Zone 1 — Windsor / Essex County,commercial printing company,"commercial printing company in Windsor, Ontario, Canada"
ChIJaYiQ-KEsO4gRRsawDLb0sZM,Standard Printing Inc.,"1076 Drouillard Rd, Windsor, ON N8Y 2P8, Canada",Windsor,Zone 1 — Windsor / Essex County,commercial printing company,"commercial printing company in Windsor, Ontario, Canada"
ChIJ4-0yFGgsO4gRfbBlQEnUdHk,The Printin' Place,"1295 Wyandotte St W, Windsor, ON N9B 3P7, Canada",Windsor,Zone 1 — Windsor / Essex County,commercial printing company,"commercial printing company in Windsor, Ontario, Canada"
ChIJ7xcNLUIsO4gRoaL6dwotpIo,Staples Print & Marketing Services,"2550 Ouellette Ave, Windsor, ON N8X 1L7, Canada",Windsor,Zone 1 — Windsor / Essex County,commercial printing company,"commercial printing company in Windsor, Ontario, Canada"
ChIJw6xzUxwtO4gRtDAT4yEzKCI,Allegra Marketing Print Mail,"541 Erie St E, Windsor, ON N9A 3X8, Canada",Windsor,Zone 1 — Windsor / Essex County,commercial printing company,"commercial printing company in Windsor, Ontario, Canada"
ChIJWzzlk-cqO4gR1MaoaAyG9HQ,Staples Print & Marketing Services,"7126 Tecumseh Rd E, Windsor, ON N8T 1E6, Canada",Windsor,Zone 1 — Windsor / Essex County,commercial printing company,"commercial printing company in Windsor, Ontario, Canada"
ChIJOXidX6EtO4gRwTQwHhOne-E,3d printing---Printtastic 3D ---Windsor's Printing solution,"1069 Louis Ave, Windsor, ON N9A 1Y1, Canada",Windsor,Zone 1 — Windsor / Essex County,commercial printing company,"commercial printing company in Windsor, Ontario, Canada"
ChIJLwIUr2MpO4gRQJ1R2J6Un9k,Staples Print & Marketing Services,"4511 Walker Rd, Windsor, ON N8W 3T5, Canada",Windsor,Zone 1 — Windsor / Essex County,commercial printing company,"commercial printing company in Windsor, Ontario, Canada"
ChIJh6uFqhMrO4gRbWd0w3D1Q1c,Critical Designs Printing & Graphics,"1959 Arthur Rd, Windsor, ON N8W 4V5, Canada",Windsor,Zone 1 — Windsor / Essex County,commercial printing company,"commercial printing company in Windsor, Ontario, Canada"
ChIJAxMkf-EsO4gR7BD_Nyaok44,Alpha Signs & Printing,"1187 Tecumseh Rd E, Windsor, ON N8W 1B6, Canada",Windsor,Zone 1 — Windsor / Essex County,commercial printing company,"commercial printing company in Windsor, Ontario, Canada"
ChIJsyWQDoMtO4gR66hRTKsXiP8,GiftAFeeling Inc. - Promotional Products - Custom T Shirts - Personalized Gifts,"1617 University Ave W, Windsor, ON N9B 1C3, Canada",Windsor,Zone 1 — Windsor / Essex County,commercial printing company,"commercial printing company in Windsor, Ontario, Canada"
ChIJ91pcwbgsO4gRajPo_XmsGwY,Print Works,"382 Devonshire Rd, Windsor, ON N8Y 2L4, Canada",Windsor,Zone 1 — Windsor / Essex County,commercial printing company,"commercial printing company in Windsor, Ontario, Canada"
ChIJC-eJZnQtO4gRCCgOsNM5eE8,Ink Shop,"215 Erie St E, Windsor, ON N9A 3X2, Canada",Windsor,Zone 1 — Windsor / Essex County,commercial printing company,"commercial printing company in Windsor, Ontario, Canada"
ChIJKbabY-krO4gR-cNBmdakI6I,Minuteman Press,"1276 Ottawa St, Windsor, ON N8X 2E6, Canada",Windsor,Zone 1 — Windsor / Essex County,commercial printing company,"commercial printing company in Windsor, Ontario, Canada"
ChIJY5xv3rErO4gRfYcIcQp_Mkk,Priority 1 Printing,"4530 Rhodes Dr, Windsor, ON N8W 5B5, Canada",Windsor,Zone 1 — Windsor / Essex County,commercial printing company,"commercial printing company in Windsor, Ontario, Canada"
ChIJpSQiXYUsO4gR9ejw0DB4vTY,Curtis JK Printing,"5020 Walker Rd C, Oldcastle, ON N9G 0C5, Canada",Windsor,Zone 1 — Windsor / Essex County,commercial printing company,"commercial printing company in Windsor, Ontario, Canada"
