timestamp,zone,city,raw_query,status_code,number_of_results,new_results,error_message
2026-05-24T17:47:44Z,Zone 4 — London / Middlesex,Belmont,"143 Borden Ave , Belmont, ON N0L 1B0, Canada",200,1,1,
2026-05-24T17:47:46Z,Zone 6 — Kitchener / Waterloo / Cambridge / Guelph,Breslau,"244 Woolwich St S , Breslau, ON N0B 1M0, Canada",200,1,1,
2026-05-24T17:47:47Z,Zone 4 — London / Middlesex,Aylmer,"516 John St N , Aylmer, ON N5H 2B8, Canada",200,1,1,
2026-05-24T17:47:48Z,Zone 4 — London / Middlesex,Komoka,"10166 Glendon Dr , Komoka, ON N0L 1R0, Canada",200,1,1,
2026-05-24T17:47:48Z,Zone 6 — Kitchener / Waterloo / Cambridge / Guelph,Breslau,"280 Woolwich St S , Breslau, ON N0B 1M0, Canada",200,1,1,
2026-05-24T17:47:49Z,Zone 1 — Windsor / Essex County,Amherstburg,"400 Sandwich St S , Amherstburg, ON N9V 3L4, Canada",200,1,1,
2026-05-24T17:47:50Z,Zone 4 — London / Middlesex,Strathroy,"425 Caradoc St S , Strathroy, ON N7G 2P5, Canada",200,1,1,
2026-05-24T17:47:51Z,Zone 3 — Sarnia / Lambton County,Point Edward,"704 Mara St , Point Edward, ON N7V 1X4, Canada",200,1,1,
2026-05-24T17:47:51Z,Zone 6 — Kitchener / Waterloo / Cambridge / Guelph,Breslau,"10 Townsend Dr, Breslau, ON N0B 1M0, Canada",200,1,1,
2026-05-24T17:47:52Z,Zone 3 — Sarnia / Lambton County,Sarnia,"101 Duff Dr , Sarnia, ON N7W 1A7, Canada",200,1,1,
2026-05-24T17:47:53Z,Zone 6 — Kitchener / Waterloo / Cambridge / Guelph,Waterloo,"105 Northland Rd , Waterloo, ON N2V 1Y8, Canada",200,1,1,
2026-05-24T17:47:54Z,Zone 4 — London / Middlesex,St. Thomas,"1063 Talbot St , St Thomas, ON N5P 1G4, Canada",200,1,1,
2026-05-24T17:47:54Z,Zone 6 — Kitchener / Waterloo / Cambridge / Guelph,Cambridge,"1297 Industrial Rd , Cambridge, ON N3H 4W3, Canada",200,1,1,
2026-05-24T17:47:55Z,Zone 3 — Sarnia / Lambton County,Sarnia,"1379 London Rd , Sarnia, ON N7S 1P6, Canada",200,1,1,
2026-05-24T17:47:56Z,Zone 5 — Woodstock / Oxford County,Woodstock,"1400 Commerce Way , Woodstock, ON N4V 0B9, Canada",200,1,1,
2026-05-24T17:47:57Z,Zone 4 — London / Middlesex,Bayham,"14719 Dr, Tillsonburg, ON N4G 4G8, Canada",200,13,8,
2026-05-24T17:47:57Z,Zone 6 — Kitchener / Waterloo / Cambridge / Guelph,Ayr,"148 Northumberland St , Ayr, ON N0B 1E0, Canada",200,1,1,
2026-05-24T17:47:58Z,Zone 6 — Kitchener / Waterloo / Cambridge / Guelph,Kitchener,"1680 Victoria St N , Kitchener, ON N2B 3E2, Canada",200,1,1,
2026-05-24T17:47:59Z,Zone 4 — London / Middlesex,Lucan Biddulph,"184 Main St , Lucan, ON N0M 2J0, Canada",200,1,1,
2026-05-24T17:48:00Z,Zone 6 — Kitchener / Waterloo / Cambridge / Guelph,Cambridge,"200 Beverly St , Cambridge, ON N1R 3Z8, Canada",200,1,1,
2026-05-24T17:48:01Z,Zone 4 — London / Middlesex,Strathroy,"225 Ave, Strathroy, ON N7G 4J1, Canada",200,3,0,
2026-05-24T17:48:01Z,Zone 1 — Windsor / Essex County,Ruthven,"24 Dimar Dr , Kingsville, ON N9Y 0G2, Canada",200,1,1,
2026-05-24T17:48:02Z,Zone 1 — Windsor / Essex County,Stoney Point,"263 Barton St , Stoney Creek, ON L8E 2K4, Canada",200,1,1,
2026-05-24T17:48:03Z,Zone 6 — Kitchener / Waterloo / Cambridge / Guelph,Kitchener,"265 Breithaupt St , Kitchener, ON N2H 5H3, Canada",200,1,1,
2026-05-24T17:48:03Z,Zone 6 — Kitchener / Waterloo / Cambridge / Guelph,Cambridge,"325 Allendale Rd , Cambridge, ON N3H 4R6, Canada",200,1,1,
2026-05-24T17:48:04Z,Zone 6 — Kitchener / Waterloo / Cambridge / Guelph,Paris,"326 Grand River St N , Paris, ON N3L 3R7, Canada",200,1,1,
2026-05-24T17:48:05Z,Zone 1 — Windsor / Essex County,Stoney Point,"37 Mill St W , Tilbury, ON N0P 2L0, Canada",200,1,1,
2026-05-24T17:48:06Z,Zone 6 — Kitchener / Waterloo / Cambridge / Guelph,Arthur,"480 Smith St , Arthur, ON N0G 1A0, Canada",200,1,1,
2026-05-24T17:48:06Z,Zone 6 — Kitchener / Waterloo / Cambridge / Guelph,Cambridge,"5 Cherry Blossom Rd , Cambridge, ON N3H 4R7, Canada",200,1,1,
2026-05-24T17:48:07Z,Zone 6 — Kitchener / Waterloo / Cambridge / Guelph,Waterloo,"515 Dotzert Ct , Waterloo, ON N2L 6A7, Canada",200,1,1,
2026-05-24T17:48:08Z,Zone 4 — London / Middlesex,Aylmer,"516 John St N , Aylmer, ON N5H 0A6, Canada",200,1,1,
2026-05-24T17:48:09Z,Zone 2 — Chatham-Kent,Dresden,"6198 Netherhart Rd , Mississauga, ON L5T 2G7, Canada",200,1,1,
2026-05-24T17:48:09Z,Zone 4 — London / Middlesex,London,"639 Sovereign Rd , London, ON N5V 4K8, Canada",200,1,1,
2026-05-24T17:48:10Z,Zone 6 — Kitchener / Waterloo / Cambridge / Guelph,Elora,"6458 Wellington Rd 7 , Elora, ON N0B 1S0, Canada",200,1,1,
2026-05-24T17:48:11Z,Zone 6 — Kitchener / Waterloo / Cambridge / Guelph,Cambridge,"990 Bishop St N , Cambridge, ON N3H 4V7, Canada",200,1,1,
2026-05-24T17:48:12Z,Zone 4 — London / Middlesex,Komoka,"9909 Glendon Dr , Komoka, ON N0L 1R0, Canada",200,1,1,
2026-05-24T17:48:12Z,Zone 1 — Windsor / Essex County,Wheatley,"R.R. , 303 Milo Rd, Wheatley, ON N0P 2P0, Canada",200,3,1,
2026-05-24T17:48:13Z,Zone 1 — Windsor / Essex County,Stoney Point,"1 Head St , Dundas, ON L9H 3H5, Canada",200,1,1,
2026-05-24T17:48:14Z,Zone 1 — Windsor / Essex County,Leamington,"1 Iroquois Rd , Leamington, ON N8H 3V7, Canada",200,1,1,
2026-05-24T17:48:15Z,Zone 1 — Windsor / Essex County,Anderdon,"1 Logistics Ct , Georgina, ON L4P 0T5, Canada",200,1,1,
2026-05-24T17:48:15Z,Zone 1 — Windsor / Essex County,Kingsville,"1 Main St W , Kingsville, ON N9Y 1H2, Canada",200,1,1,
2026-05-24T17:48:16Z,Zone 4 — London / Middlesex,St. Thomas,"1 Vineden Dr , St Thomas, ON N5P 0E1, Canada",200,1,1,
2026-05-24T17:48:17Z,Zone 1 — Windsor / Essex County,Colchester,"1, Gun Hill Trading Estate, Ipswich Rd, Dedham, Colchester CO7 6HR, UK",200,1,1,
2026-05-24T17:48:18Z,Zone 2 — Chatham-Kent,Cedar Springs,"10 Bramhurst Ave , Brampton, ON L6T 5H1, Canada",200,1,1,
2026-05-24T17:48:18Z,Zone 2 — Chatham-Kent,Cedar Springs,"10 Carlow Ct , Whitby, ON L1N 9T7, Canada",200,1,1,
2026-05-24T17:48:19Z,Zone 3 — Sarnia / Lambton County,Port Lambton,"10 Carlow Ct , Whitby, ON L1N 9T7, Canada",200,1,0,
2026-05-24T17:48:20Z,Zone 6 — Kitchener / Waterloo / Cambridge / Guelph,Kitchener,"10 Dumart Pl , Kitchener, ON N2K 3C7, Canada",200,1,1,
2026-05-24T17:48:20Z,Zone 3 — Sarnia / Lambton County,Arkona,"10 Four Seasons Pl , Etobicoke, ON M9B 6H7, Canada",200,1,1,
2026-05-24T17:48:21Z,Zone 6 — Kitchener / Waterloo / Cambridge / Guelph,Breslau,"10 Townsend Dr , Breslau, ON N0B 1M0, Canada",200,1,0,
2026-05-24T17:48:22Z,Zone 6 — Kitchener / Waterloo / Cambridge / Guelph,Guelph,"100 Arrow Rd , Guelph, ON N1K 1T4, Canada",200,1,1,
2026-05-24T17:48:23Z,Zone 6 — Kitchener / Waterloo / Cambridge / Guelph,New Hamburg,"100 Bergey Ct , New Hamburg, ON N3A 2J5, Canada",200,1,1,
2026-05-24T17:48:23Z,Zone 4 — London / Middlesex,London,"100 Bessemer Rd , London, ON N6E 1R2, Canada",200,1,1,
2026-05-24T17:48:24Z,Zone 6 — Kitchener / Waterloo / Cambridge / Guelph,Cambridge,"100 Lingard Rd , Cambridge, ON N1T 2C7, Canada",200,1,1,
2026-05-24T17:48:25Z,Zone 6 — Kitchener / Waterloo / Cambridge / Guelph,Wilmot,"100 Mill St , New Hamburg, ON N3A 1R1, Canada",200,1,1,
2026-05-24T17:48:25Z,Zone 6 — Kitchener / Waterloo / Cambridge / Guelph,Cambridge,"100 Sheldon Dr , Cambridge, ON N1R 7S7, Canada",200,1,1,
2026-05-24T17:48:26Z,Zone 6 — Kitchener / Waterloo / Cambridge / Guelph,Cambridge,"100 Sheldon Dr, Cambridge, ON N1R 7S7, Canada",200,1,0,
2026-05-24T17:48:27Z,Zone 4 — London / Middlesex,Thames Centre,"100 The Pkwy , Thames Centre, ON N0L 1G2, Canada",200,1,1,
2026-05-24T17:48:28Z,Zone 4 — London / Middlesex,Lucan Biddulph,"1005 Heenan Court , Lucan, ON N0M 2J0, Canada",200,1,0,
2026-05-24T17:48:28Z,Zone 6 — Kitchener / Waterloo / Cambridge / Guelph,New Hamburg,"101 Arnold St , New Hamburg, ON N3A 2C6, Canada",200,1,1,
2026-05-24T17:48:29Z,Zone 6 — Kitchener / Waterloo / Cambridge / Guelph,Elora,"102 Metcalfe St , Elora, ON N0B 1S0, Canada",200,1,1,
2026-05-24T17:48:30Z,Zone 4 — London / Middlesex,St. Marys,"1021 Graphite Rd , St Marys, PA 15857, USA",200,1,1,
2026-05-24T17:48:31Z,Zone 6 — Kitchener / Waterloo / Cambridge / Guelph,Drayton,"103 Ave E, Milton, ON L9T 4K6, Canada",200,1,1,
2026-05-24T17:48:31Z,Zone 6 — Kitchener / Waterloo / Cambridge / Guelph,Paris,"103 Dundas St E , Paris, ON N3L 3H3, Canada",200,1,1,
2026-05-24T17:48:32Z,Zone 2 — Chatham-Kent,Wallaceburg,"1044 Dufferin Ave , Wallaceburg, ON N8A 2V8, Canada",200,1,1,
2026-05-24T17:48:33Z,Zone 4 — London / Middlesex,London,"105 Bessemer Rd , London, ON N6E 1P9, Canada",200,1,1,
2026-05-24T17:48:33Z,Zone 6 — Kitchener / Waterloo / Cambridge / Guelph,Cambridge,"105 Boxwood Dr , Cambridge, ON N3W 0A7, Canada",200,4,3,
2026-05-24T17:48:34Z,Zone 4 — London / Middlesex,Thamesford,"105 Dundas St W , Thamesford, ON N0M 2M0, Canada",200,1,1,
2026-05-24T17:48:35Z,Zone 1 — Windsor / Essex County,Kingsville,"106 Wigle Ave , Kingsville, ON N9Y 2J8, Canada",200,1,1,
2026-05-24T17:48:36Z,Zone 1 — Windsor / Essex County,Leamington,"106 Wigle Ave , Kingsville, ON N9Y 2J8, Canada",200,1,0,
2026-05-24T17:48:36Z,Zone 6 — Kitchener / Waterloo / Cambridge / Guelph,Kitchener,"107 Manitou Dr , Kitchener, ON N2C 1L4, Canada",200,1,1,
2026-05-24T17:48:37Z,Zone 6 — Kitchener / Waterloo / Cambridge / Guelph,Palmerston,"107 William St , Palmerston, ON N0G 2P0, Canada",200,1,1,
2026-05-24T17:48:38Z,Zone 6 — Kitchener / Waterloo / Cambridge / Guelph,Kitchener,"1070 Guelph St , Kitchener, ON N2B 2E3, Canada",200,1,1,
2026-05-24T17:48:38Z,Zone 6 — Kitchener / Waterloo / Cambridge / Guelph,Kitchener,"108 Ahrens St W , Kitchener, ON N2H 4C3, Canada",200,1,1,
2026-05-24T17:48:39Z,Zone 1 — Windsor / Essex County,Wheatley,"108 Talbot Rd E , Wheatley, ON N0P 2P0, Canada",200,1,1,
2026-05-24T17:48:40Z,Zone 3 — Sarnia / Lambton County,Sarnia,"1086 Modeland Rd , Sarnia, ON N7S 6L2, Canada",200,1,1,
2026-05-24T17:48:41Z,Zone 6 — Kitchener / Waterloo / Cambridge / Guelph,Puslinch,"11 Nicholas Beaver Rd , Puslinch, ON N0B 2J0, Canada",200,1,1,
2026-05-24T17:48:41Z,Zone 6 — Kitchener / Waterloo / Cambridge / Guelph,Waterloo,"110 Columbia St W , Waterloo, ON N2L 3K8, Canada",200,1,1,
2026-05-24T17:48:42Z,Zone 6 — Kitchener / Waterloo / Cambridge / Guelph,Cambridge,"110 Turnbull Ct , Cambridge, ON N1T 1K6, Canada",200,1,1,
2026-05-24T17:48:43Z,Zone 1 — Windsor / Essex County,Tecumseh,"1100 Lesperance Rd , Tecumseh, ON N8N 1X2, Canada",200,1,1,
2026-05-24T17:48:44Z,Zone 2 — Chatham-Kent,Cedar Springs,"1107 Westport Crescent , Mississauga, ON L5T 1E8, Canada",200,1,1,
2026-05-24T17:48:44Z,Zone 6 — Kitchener / Waterloo / Cambridge / Guelph,Fergus,"111 Gregson Ct , Fergus, ON N1M 0E1, Canada",200,1,1,
2026-05-24T17:48:45Z,Zone 4 — London / Middlesex,St. Marys,"111 Millwick Dr 7-11, North York, ON M9L 1Y4, Canada",200,1,1,
2026-05-24T17:48:46Z,Zone 4 — London / Middlesex,Wardsville,"111 Savage Dr , Cambridge, ON N1T 1S5, Canada",200,1,1,
2026-05-24T17:48:47Z,Zone 6 — Kitchener / Waterloo / Cambridge / Guelph,Cambridge,"1111 Franklin Blvd, Cambridge, ON N1T 1J3, Canada",200,1,1,
2026-05-24T17:48:47Z,Zone 5 — Woodstock / Oxford County,Kintore,"1111 Gorham St , Newmarket, ON L3Y 8X8, Canada",200,1,1,
2026-05-24T17:48:48Z,Zone 4 — London / Middlesex,Vienna,"1111 Gorham St , Newmarket, ON L3Y 8X8, Canada",200,1,0,
2026-05-24T17:48:49Z,Zone 1 — Windsor / Essex County,Colchester,"1125 Colborne St E , Brantford, ON N3S 0H4, Canada",200,1,1,
2026-05-24T17:48:49Z,Zone 1 — Windsor / Essex County,Essex,"114 Talbot St N , Essex, ON N8M 2C4, Canada",200,1,1,
2026-05-24T17:48:50Z,Zone 6 — Kitchener / Waterloo / Cambridge / Guelph,Cambridge,"1144 Industrial Rd , Cambridge, ON N3H 4W4, Canada",200,1,1,
2026-05-24T17:48:51Z,Zone 5 — Woodstock / Oxford County,Woodstock,"1147 Dundas St , Woodstock, ON N4S 8W3, Canada",200,1,1,
2026-05-24T17:48:52Z,Zone 6 — Kitchener / Waterloo / Cambridge / Guelph,Ayr,"1148 Northumberland St , Ayr, ON N0B 1E0, Canada",200,1,1,
2026-05-24T17:48:52Z,Zone 6 — Kitchener / Waterloo / Cambridge / Guelph,Cambridge,"115 Werlich Dr , Cambridge, ON N1T 1N7, Canada",200,1,1,
2026-05-24T17:48:53Z,Zone 2 — Chatham-Kent,Muirkirk,"1150 Northside Rd , Burlington, ON L7M 1W8, Canada",200,1,1,
2026-05-24T17:48:54Z,Zone 6 — Kitchener / Waterloo / Cambridge / Guelph,Kitchener,"1151 Victoria St N , Kitchener, ON N2B 3C8, Canada",200,1,1,
2026-05-24T17:48:55Z,Zone 2 — Chatham-Kent,Dealtown,"1155 Algoma Rd , Gloucester, ON K1B 0A1, Canada",200,1,1,
2026-05-24T17:48:55Z,Zone 1 — Windsor / Essex County,Lakeshore,"11555 countyroad42 , Windsor, ON N8N 2M1, Canada",200,1,1,
2026-05-24T17:48:56Z,Zone 1 — Windsor / Essex County,Lakeshore,"1162 Lakeshore Rd 101 RR, Maidstone, ON N0R 1K0, Canada",200,1,0,
2026-05-24T17:48:57Z,Zone 6 — Kitchener / Waterloo / Cambridge / Guelph,Cambridge,"1165 Franklin Blvd , Cambridge, ON N1R 8E1, Canada",200,1,1,
2026-05-24T17:48:58Z,Zone 6 — Kitchener / Waterloo / Cambridge / Guelph,Drayton,"117 Basaltic Rd , Concord, ON L4K 1G4, Canada",200,1,1,
2026-05-24T17:48:58Z,Zone 3 — Sarnia / Lambton County,Sarnia,"1173 Michener Rd , Sarnia, ON N7S 5G5, Canada",200,1,1,
2026-05-24T17:48:59Z,Zone 1 — Windsor / Essex County,Windsor,"1176 Ouellette Ave , Windsor, ON N9A 1C9, Canada",200,1,1,
2026-05-24T17:49:00Z,Zone 6 — Kitchener / Waterloo / Cambridge / Guelph,Cambridge,"1177 Franklin Blvd , Cambridge, ON N1R 7W4, Canada",200,1,1,
2026-05-24T17:49:00Z,Zone 6 — Kitchener / Waterloo / Cambridge / Guelph,Cambridge,"1185 Franklin Blvd , Cambridge, ON N1R 7Y5, Canada",200,1,1,
2026-05-24T17:49:01Z,Zone 5 — Woodstock / Oxford County,Tavistock,"12 Baird St N , Bright, ON N0J 1B0, Canada",200,1,1,
2026-05-24T17:49:02Z,Zone 2 — Chatham-Kent,Blenheim,"12 Graham St, Blenheim, ON N0P 1A0, Canada",200,1,1,
2026-05-24T17:49:03Z,Zone 4 — London / Middlesex,St. Thomas,"12 Laing Blvd , St Thomas, ON N5P 4B5, Canada",200,1,1,
2026-05-24T17:49:03Z,Zone 4 — London / Middlesex,Vienna,"12-255 Dundas St E , Waterdown, ON L0R 2M0, Canada",200,1,1,
2026-05-24T17:49:04Z,Zone 3 — Sarnia / Lambton County,Dawn-Euphemia,"120 Saltsman Dr , Cambridge, ON N3H 4R7, Canada",200,1,1,
2026-05-24T17:49:05Z,Zone 2 — Chatham-Kent,Erieau,"120 Saunders Rd , Barrie, ON L4N 9A8, Canada",200,1,1,
2026-05-24T17:49:06Z,Zone 4 — London / Middlesex,Lucan,"1200 Creditstone Rd , Concord, ON L4K 5T2, Canada",200,1,1,
2026-05-24T17:49:06Z,Zone 1 — Windsor / Essex County,Harrow,"1200 Creditstone Rd c, Concord, ON L4K 5T2, Canada",200,1,1,
2026-05-24T17:49:07Z,Zone 4 — London / Middlesex,London,"1225 Wonderland Rd N , London, ON N6G 4X2, Canada",200,1,1,
2026-05-24T17:49:08Z,Zone 1 — Windsor / Essex County,Colchester,"1232 Dillon Rd , Burlington, ON L7M 1N3, Canada",200,1,1,
2026-05-24T17:49:09Z,Zone 5 — Woodstock / Oxford County,Delhi,"124 King St , Delhi, ON N4B 1X8, Canada",200,1,1,
2026-05-24T17:49:09Z,Zone 3 — Sarnia / Lambton County,Brigden,"1240 2nd Ave E , Owen Sound, ON N4K 2J3, Canada",200,1,1,
2026-05-24T17:49:10Z,Zone 2 — Chatham-Kent,Dealtown,"1240 Burloak Dr , Burlington, ON L7L 6C4, Canada",200,1,1,
2026-05-24T17:49:11Z,Zone 3 — Sarnia / Lambton County,Grand Bend,"12417 No 2 Rd , Richmond, BC V7E 6H7, Canada",200,1,1,
2026-05-24T17:49:12Z,Zone 5 — Woodstock / Oxford County,Woodstock,"1249 Seagrave Rd , Woodstock, ON N4T 0A8, Canada",200,1,1,
2026-05-24T17:49:12Z,Zone 6 — Kitchener / Waterloo / Cambridge / Guelph,Cambridge,"1250 Franklin Blvd , Cambridge, ON N1R 7H8, Canada",200,1,1,
2026-05-24T17:49:13Z,Zone 5 — Woodstock / Oxford County,Burgessville,"1250 Reid St , Richmond Hill, ON L4B 1G3, Canada",200,1,1,
2026-05-24T17:49:14Z,Zone 3 — Sarnia / Lambton County,St. Clair,"1250A Reid St , Richmond Hill, ON L4B 1E9, Canada",200,1,1,
2026-05-24T17:49:14Z,Zone 6 — Kitchener / Waterloo / Cambridge / Guelph,Rockwood,"1255 Crestlawn Dr , Mississauga, ON L4W 1A9, Canada",200,1,1,
2026-05-24T17:49:15Z,Zone 6 — Kitchener / Waterloo / Cambridge / Guelph,Elmira,"126 Bonnie Crescent, Elmira, ON N3B 3J8, Canada",200,1,1,
2026-05-24T17:49:16Z,Zone 1 — Windsor / Essex County,Anderdon,"126 Richmond St , Amherstburg, ON N9V 1G4, Canada",200,1,1,
2026-05-24T17:49:17Z,Zone 6 — Kitchener / Waterloo / Cambridge / Guelph,Centre Wellington,"126 St Andrew St W , Fergus, ON N1M 1N5, Canada",200,1,1,
2026-05-24T17:49:17Z,Zone 6 — Kitchener / Waterloo / Cambridge / Guelph,Fergus,"126 St Andrew St W , Fergus, ON N1M 1N5, Canada",200,1,0,
2026-05-24T17:49:18Z,Zone 4 — London / Middlesex,Kerwood,"128 Raglan St S , Renfrew, ON K7V 1P9, Canada",200,1,1,
2026-05-24T17:49:19Z,Zone 3 — Sarnia / Lambton County,Dawn-Euphemia,"1290 Arvin Ave. , Hamilton, ON L8E 0H7, Canada",200,1,1,
2026-05-24T17:49:20Z,Zone 6 — Kitchener / Waterloo / Cambridge / Guelph,New Hamburg,"1291 Nafziger Rd , Baden, ON N3A 3H2, Canada",200,1,1,
2026-05-24T17:49:20Z,Zone 5 — Woodstock / Oxford County,Woodstock,"1299 Commerce Way , Woodstock, ON N4V 0A2, Canada",200,1,1,
2026-05-24T17:49:21Z,Zone 6 — Kitchener / Waterloo / Cambridge / Guelph,Kitchener,"130 Birch Ave , Kitchener, ON N2H 4W8, Canada",200,1,1,
2026-05-24T17:49:22Z,Zone 1 — Windsor / Essex County,Anderdon,"130 Industrial Park Rd , Haliburton, ON K0M 1S0, Canada",200,1,1,
2026-05-24T17:49:22Z,Zone 1 — Windsor / Essex County,Belle River,"1303 Essex County Rd 22 , Belle River, ON N0R 1A0, Canada",200,1,1,
2026-05-24T17:49:23Z,Zone 1 — Windsor / Essex County,Belle River,"1303 Essex County Rd 22 , Belle River, ON N8L 0J7, Canada",200,1,0,
2026-05-24T17:49:24Z,Zone 6 — Kitchener / Waterloo / Cambridge / Guelph,Centre Wellington,"131 Frank Lambier Ct , Palmerston, ON N0G 2P0, Canada",200,1,1,
2026-05-24T17:49:25Z,Zone 6 — Kitchener / Waterloo / Cambridge / Guelph,Palmerston,"131 Frank Lambier Ct , Palmerston, ON N0G 2P0, Canada",200,1,0,
2026-05-24T17:49:25Z,Zone 6 — Kitchener / Waterloo / Cambridge / Guelph,Cambridge,"131 Sheldon Dr , Cambridge, ON N1R 6S2, Canada",200,1,1,
2026-05-24T17:49:26Z,Zone 4 — London / Middlesex,Kerwood,"131 Whitmore Rd , Vaughan, ON L4L 6E4, Canada",200,1,1,
2026-05-24T17:49:27Z,Zone 1 — Windsor / Essex County,Tecumseh,"13126 Tecumseh Rd E , Tecumseh, ON N8N 4N6, Canada",200,1,1,
2026-05-24T17:49:27Z,Zone 4 — London / Middlesex,Ilderton,"13187 Ilderton Rd , Ilderton, ON N0M 2A0, Canada",200,1,1,
2026-05-24T17:49:28Z,Zone 4 — London / Middlesex,Ilderton,"13229 Ilderton Rd , Ilderton, ON N0M 2A0, Canada",200,1,1,
2026-05-24T17:49:29Z,Zone 1 — Windsor / Essex County,Tecumseh,"13278 Tecumseh Rd E , Windsor, ON N8N 3T6, Canada",200,1,1,
2026-05-24T17:49:30Z,Zone 4 — London / Middlesex,London,"1352 Trafalgar St , London, ON N5W 1W6, Canada",200,1,1,
2026-05-24T17:49:30Z,Zone 3 — Sarnia / Lambton County,Sarnia,"1355 Confederation St , Sarnia, ON N7S 4T2, Canada",200,1,1,
2026-05-24T17:49:31Z,Zone 3 — Sarnia / Lambton County,Sarnia,"1355 Confederation St 10 , Sarnia, ON N7S 4T2, Canada",200,1,1,
2026-05-24T17:49:32Z,Zone 4 — London / Middlesex,Newbury,"136 Main St W , Norwich, ON N0J 1P0, Canada",200,1,1,
2026-05-24T17:49:33Z,Zone 5 — Woodstock / Oxford County,Otterville,"136 Main St W , Norwich, ON N0J 1P0, Canada",200,1,0,
2026-05-24T17:49:33Z,Zone 6 — Kitchener / Waterloo / Cambridge / Guelph,St. Jacobs,"1365 King St N , St. Jacobs, ON N0B 2N0, Canada",200,1,1,
2026-05-24T17:49:34Z,Zone 3 — Sarnia / Lambton County,Sarnia,"1367 Confederation St , Sarnia, ON N7S 5P1, Canada",200,1,1,
2026-05-24T17:49:35Z,Zone 6 — Kitchener / Waterloo / Cambridge / Guelph,North Dumfries,"1367 Industrial Rd , Cambridge, ON N3H 4W3, Canada",200,1,1,
2026-05-24T17:49:35Z,Zone 3 — Sarnia / Lambton County,Point Edward,"1379 London Rd , Sarnia, ON N7S 1P6, Canada",200,1,0,
2026-05-24T17:49:36Z,Zone 2 — Chatham-Kent,Mitchell's Bay,"139 Herbert St , Mitchell, ON N0K 1N0, Canada",200,1,1,
2026-05-24T17:49:37Z,Zone 2 — Chatham-Kent,Dealtown,"140 Hanlan Rd , Woodbridge, ON L4L 3P6, Canada",200,1,1,
2026-05-24T17:49:38Z,Zone 1 — Windsor / Essex County,Anderdon,"140 Regina Rd , Woodbridge, ON L4L 8N1, Canada",200,1,1,
2026-05-24T17:49:38Z,Zone 5 — Woodstock / Oxford County,Woodstock,"1400 Commerce Way , Woodstock, ON N4V 0A2, Canada",200,1,0,
2026-05-24T17:49:39Z,Zone 4 — London / Middlesex,Kerwood,"1401 Huntingwood Dr , Scarborough, ON M1S 3J1, Canada",200,1,1,
2026-05-24T17:49:40Z,Zone 2 — Chatham-Kent,Erie Beach,"1406 Peach St st , Erie, PA 16501, USA",200,1,1,
2026-05-24T17:49:40Z,Zone 4 — London / Middlesex,Belmont,"14091 Belmont Rd , Belmont, ON N0L 1B0, Canada",200,1,1,
2026-05-24T17:49:41Z,Zone 4 — London / Middlesex,Newbury,"141 Reach St , Uxbridge, ON L9P 1L3, Canada",200,1,1,
2026-05-24T17:49:42Z,Zone 4 — London / Middlesex,Middlesex Centre,"1420 Global Dr , London, ON N6N 0A1, Canada",200,1,1,
2026-05-24T17:49:43Z,Zone 2 — Chatham-Kent,Dresden,"1420 Hwy. South, Dresden, ON N0P 1M0, Canada",200,6,1,
2026-05-24T17:49:43Z,Zone 4 — London / Middlesex,London,"1422 Fanshawe Park Rd W , London, ON N6G 0A4, Canada",200,1,1,
2026-05-24T17:49:44Z,Zone 4 — London / Middlesex,Belmont,"143 Borden Ave, Belmont, ON N0L 1B0, Canada",200,1,0,
2026-05-24T17:49:45Z,Zone 6 — Kitchener / Waterloo / Cambridge / Guelph,St. Jacobs,"1430 , King St N, St. Jacobs, ON N0B 2N0, Canada",200,1,1,
2026-05-24T17:49:46Z,Zone 2 — Chatham-Kent,Dealtown,"1444 Dupont St , Toronto, ON M6P 4H3, Canada",200,1,1,
2026-05-24T17:49:46Z,Zone 6 — Kitchener / Waterloo / Cambridge / Guelph,Baden,"1457 Gingerich Rd , Baden, ON N3A 3J7, Canada",200,1,1,
2026-05-24T17:49:47Z,Zone 2 — Chatham-Kent,Tilbury,"147 Queen St N , Tilbury, ON N0P 2L0, Canada",200,1,1,
2026-05-24T17:49:48Z,Zone 4 — London / Middlesex,Bayham,"14719 Dr , Tillsonburg, ON N4G 4G8, Canada",200,12,2,
2026-05-24T17:49:48Z,Zone 5 — Woodstock / Oxford County,Tillsonburg,"14719 Dr , Tillsonburg, ON N4G 4G8, Canada",200,13,0,
2026-05-24T17:49:49Z,Zone 5 — Woodstock / Oxford County,Courtland,"14719 Dr, Tillsonburg, ON N4G 4G8, Canada",200,13,0,
2026-05-24T17:49:50Z,Zone 4 — London / Middlesex,Parkhill,"15 Brownridge Road , Halton Hills, ON L7G 0C6, Canada",200,1,1,
2026-05-24T17:49:51Z,Zone 6 — Kitchener / Waterloo / Cambridge / Guelph,Guelph,"15 Cope Ct , Guelph, ON N1K 0A4, Canada",200,1,1,
2026-05-24T17:49:51Z,Zone 5 — Woodstock / Oxford County,Drumbo,"15 Drive, Callander, ON P0H 1H0, Canada",200,14,14,
2026-05-24T17:49:52Z,Zone 6 — Kitchener / Waterloo / Cambridge / Guelph,Kitchener,"15 Grand Ave , Kitchener, ON N2K 1B2, Canada",200,1,1,
2026-05-24T17:49:53Z,Zone 3 — Sarnia / Lambton County,Grand Bend,"15 Main St W , Grand Bend, ON N0M 1T0, Canada",200,1,1,
2026-05-24T17:49:53Z,Zone 1 — Windsor / Essex County,Amherstburg,"15 Renaud St , Amherstburg, ON N9V 2Z9, Canada",200,1,1,
2026-05-24T17:49:54Z,Zone 6 — Kitchener / Waterloo / Cambridge / Guelph,Waterloo,"150 University Ave W , Waterloo, ON N2L 3E4, Canada",200,1,1,
2026-05-24T17:49:55Z,Zone 1 — Windsor / Essex County,Anderdon,"1500 Global Dr , London, ON N6N 1R3, Canada",200,1,1,
2026-05-24T17:49:56Z,Zone 6 — Kitchener / Waterloo / Cambridge / Guelph,Centre Wellington,"151 Brunel Rd , Mississauga, ON L4Z 2H6, Canada",200,1,1,
2026-05-24T17:49:56Z,Zone 6 — Kitchener / Waterloo / Cambridge / Guelph,Kitchener,"151 Charles St W , Kitchener, ON N2G 1H6, Canada",200,1,1,
2026-05-24T17:49:57Z,Zone 5 — Woodstock / Oxford County,Tavistock,"151 Garden Ave , Brantford, ON N3S 0A7, Canada",200,1,1,
2026-05-24T17:49:58Z,Zone 4 — London / Middlesex,Middlesex Centre,"1510 Fanshawe Park Rd W , London, ON N6H 5L8, Canada",200,1,1,
2026-05-24T17:49:59Z,Zone 6 — Kitchener / Waterloo / Cambridge / Guelph,Kitchener,"153 Country Hill Dr , Kitchener, ON N2E 2G7, Canada",200,1,1,
2026-05-24T17:49:59Z,Zone 4 — London / Middlesex,Aylmer,"154 Talbot St W , Aylmer, ON N5H 1K1, Canada",200,1,1,
2026-05-24T17:50:00Z,Zone 2 — Chatham-Kent,Erie Beach,"1545 Britannia Rd E , Mississauga, ON L4W 3C6, Canada",200,1,1,
2026-05-24T17:50:01Z,Zone 4 — London / Middlesex,Kerwood,"1550 St , Pickering, ON L1W 3W1, Canada",200,18,17,
2026-05-24T17:50:02Z,Zone 1 — Windsor / Essex County,Colchester,"1550 Yorkton Ct , Burlington, ON L7P 5B7, Canada",200,1,1,
2026-05-24T17:50:02Z,Zone 3 — Sarnia / Lambton County,Point Edward,"1555 Venetian Blvd , Room 320, Point Edward, ON N7T 0A9, Canada",200,1,1,
2026-05-24T17:50:03Z,Zone 1 — Windsor / Essex County,Ruthven,"1557 Road 2 E , Ruthven, ON N9Y 2M2, Canada",200,1,1,
2026-05-24T17:50:04Z,Zone 4 — London / Middlesex,London,"1565 N Routledge Park , London, ON N6H 5L6, Canada",200,1,1,
2026-05-24T17:50:04Z,Zone 1 — Windsor / Essex County,Stoney Point,"159 Queen St N , Tilbury, ON N0P 2L0, Canada",200,1,1,
2026-05-24T17:50:05Z,Zone 4 — London / Middlesex,Thames Centre,"15911 Robins Hill Rd , London, ON N5V 0A5, Canada",200,1,1,
2026-05-24T17:50:06Z,Zone 5 — Woodstock / Oxford County,Zorra,"15911 Robins Hill Rd , London, ON N5V 0A5, Canada",200,1,0,
2026-05-24T17:50:07Z,Zone 6 — Kitchener / Waterloo / Cambridge / Guelph,Kitchener,"1595 Victoria St N , Kitchener, ON N2B 3E6, Canada",200,1,1,
2026-05-24T17:50:07Z,Zone 1 — Windsor / Essex County,St. Joachim,"16 Dimar Dr , Kingsville, ON N9Y 0G2, Canada",200,1,1,
2026-05-24T17:50:08Z,Zone 6 — Kitchener / Waterloo / Cambridge / Guelph,Elora,"16 E Mill St , Elora, ON N0B 1S0, Canada",200,1,1,
2026-05-24T17:50:09Z,Zone 4 — London / Middlesex,Parkhill,"160 West Beaver Creek Rd , Richmond Hill, ON L4B 1B4, Canada",200,1,1,
2026-05-24T17:50:10Z,Zone 6 — Kitchener / Waterloo / Cambridge / Guelph,Cambridge,"1600 Industrial Rd , Cambridge, ON N3H 4W5, Canada",200,1,1,
2026-05-24T17:50:10Z,Zone 4 — London / Middlesex,Newbury,"1600 Industrial Rd , Cambridge, ON N3H 4W5, Canada",200,1,0,
2026-05-24T17:50:11Z,Zone 4 — London / Middlesex,Middlesex Centre,"16035 Robins Hill Rd , London, ON N5V 0C4, Canada",200,1,1,
2026-05-24T17:50:12Z,Zone 4 — London / Middlesex,London,"1615 N Routledge Park , London, ON N6H 5N5, Canada",200,1,1,
2026-05-24T17:50:12Z,Zone 2 — Chatham-Kent,Cedar Springs,"1635 Sismet Rd , Mississauga, ON L4W 1W5, Canada",200,1,1,
2026-05-24T17:50:13Z,Zone 5 — Woodstock / Oxford County,Tillsonburg,"164 Broadway St , Tillsonburg, ON N4G 5A8, Canada",200,1,1,
2026-05-24T17:50:14Z,Zone 1 — Windsor / Essex County,Anderdon,"1645 Sismet Rd & 10, Mississauga, ON L4W 1Z3, Canada",200,1,1,
2026-05-24T17:50:15Z,Zone 4 — London / Middlesex,St. Thomas,"168 Curtis St , St Thomas, ON N5P 3W9, Canada",200,1,1,
2026-05-24T17:50:15Z,Zone 6 — Kitchener / Waterloo / Cambridge / Guelph,Arthur,"168 George St , Arthur, ON N0G 1A0, Canada",200,1,1,
2026-05-24T17:50:16Z,Zone 1 — Windsor / Essex County,Tecumseh,"1695 Manning Rd , Tecumseh, ON N8N 5B4, Canada",200,1,1,
2026-05-24T17:50:17Z,Zone 5 — Woodstock / Oxford County,Delhi,"1698 St, Pickering, ON L1W 1L9, Canada",200,1,1,
2026-05-24T17:50:18Z,Zone 3 — Sarnia / Lambton County,St. Clair,"17 17th St , Port Huron, MI 48060, USA",200,2,2,
2026-05-24T17:50:18Z,Zone 4 — London / Middlesex,Parkhill,"17 Brownridge Road , Halton Hills, ON L7G 0C6, Canada",200,1,1,
2026-05-24T17:50:19Z,Zone 2 — Chatham-Kent,Cedar Springs,"170 Glidden Rd , Brampton, ON L6W 0C2, Canada",200,1,1,
2026-05-24T17:50:20Z,Zone 6 — Kitchener / Waterloo / Cambridge / Guelph,Waterloo,"170 University Avenue West ,5,6A, University Shops Plaza, 170 University Ave W, Waterloo, ON N2L 3E9, Canada",200,1,1,
2026-05-24T17:50:21Z,Zone 4 — London / Middlesex,Rodney,"1700 Baseline Rd W , Courtice, ON L1E 2S8, Canada",200,1,1,
2026-05-24T17:50:21Z,Zone 4 — London / Middlesex,Newbury,"1721 Bishop St N , Cambridge, ON N1T 1N5, Canada",200,1,1,
2026-05-24T17:50:22Z,Zone 4 — London / Middlesex,Middlesex Centre,"173 Exeter Rd , London, ON N6L 1A4, Canada",200,1,1,
2026-05-24T17:50:23Z,Zone 6 — Kitchener / Waterloo / Cambridge / Guelph,Guelph,"173 Woolwich St , Guelph, ON N1H 3V4, Canada",200,1,1,
2026-05-24T17:50:24Z,Zone 4 — London / Middlesex,London,"1737 Richmond St , London, ON N5X 3Y2, Canada",200,1,1,
2026-05-24T17:50:24Z,Zone 4 — London / Middlesex,Dutton,"174 Currie Rd , Dutton, ON N0L 1J0, Canada",200,1,1,
2026-05-24T17:50:25Z,Zone 4 — London / Middlesex,Dutton-Dunwich,"174 Currie Rd , Dutton, ON N0L 1J0, Canada",200,1,0,
2026-05-24T17:50:26Z,Zone 4 — London / Middlesex,Strathroy,"174 Metcalfe St E , Strathroy, ON N7G 1P6, Canada",200,1,1,
2026-05-24T17:50:26Z,Zone 3 — Sarnia / Lambton County,Sarnia,"174 Mitton St N , Sarnia, ON N7T 6H2, Canada",200,1,1,
2026-05-24T17:50:27Z,Zone 5 — Woodstock / Oxford County,Kintore,"175 Borden Ave S , Kitchener, ON N2G 3R7, Canada",200,1,1,
2026-05-24T17:50:28Z,Zone 3 — Sarnia / Lambton County,Dawn-Euphemia,"1776 Longwoods Rd , Wardsville, ON N0L 2N0, Canada",200,1,1,
2026-05-24T17:50:29Z,Zone 4 — London / Middlesex,London,"179 Exeter Rd , London, ON N6L 1A4, Canada",200,1,1,
2026-05-24T17:50:29Z,Zone 4 — London / Middlesex,Kerwood,"18 Ivimey Pl, Conception , NL A1W 4L7, Canada",200,1,1,
2026-05-24T17:50:30Z,Zone 3 — Sarnia / Lambton County,Arkona,"18 King St E , Toronto, ON M5C 1C4, Canada",200,1,1,
2026-05-24T17:50:31Z,Zone 1 — Windsor / Essex County,Emeryville,"18 King St E , Toronto, ON M5C 1C4, Canada",200,1,0,
2026-05-24T17:50:32Z,Zone 1 — Windsor / Essex County,Harrow,"18 King St E , Toronto, ON M5C 1C4, Canada",200,1,0,
2026-05-24T17:50:32Z,Zone 6 — Kitchener / Waterloo / Cambridge / Guelph,New Hamburg,"18 Neville St , New Hamburg, ON N3A 4G7, Canada",200,1,1,
2026-05-24T17:50:33Z,Zone 6 — Kitchener / Waterloo / Cambridge / Guelph,Baden,"18 Snyder's Rd W , Baden, ON N3A 0A7, Canada",200,1,1,
2026-05-24T17:50:34Z,Zone 6 — Kitchener / Waterloo / Cambridge / Guelph,Cambridge,"180 Sheldon Dr , Cambridge, ON N1R 6V1, Canada",200,1,1,
2026-05-24T17:50:34Z,Zone 6 — Kitchener / Waterloo / Cambridge / Guelph,Guelph,"180 Southgate Dr , Guelph, ON N1G 4P5, Canada",200,1,1,
2026-05-24T17:50:35Z,Zone 4 — London / Middlesex,Middlesex Centre,"181 Exeter Rd , London, ON N6L 1A4, Canada",200,1,1,
2026-05-24T17:50:36Z,Zone 6 — Kitchener / Waterloo / Cambridge / Guelph,Fergus,"181 Gregson Ct , Fergus, ON N1M 0E1, Canada",200,1,1,
2026-05-24T17:50:37Z,Zone 5 — Woodstock / Oxford County,Woodstock,"181 Woodall Wy , Woodstock, ON N4T 0K9, Canada",200,1,1,
2026-05-24T17:50:37Z,Zone 6 — Kitchener / Waterloo / Cambridge / Guelph,Cambridge,"185 Turnbull Ct , Cambridge, ON N1T 1C6, Canada",200,1,1,
2026-05-24T17:50:38Z,Zone 2 — Chatham-Kent,Cedar Springs,"1859 Oxford St E, London, ON N5V 2Z6, Canada",200,1,1,
2026-05-24T17:50:39Z,Zone 6 — Kitchener / Waterloo / Cambridge / Guelph,Cambridge,"188 Turnbull Ct, Cambridge, ON N1T 1J2, Canada",200,1,1,
2026-05-24T17:50:40Z,Zone 6 — Kitchener / Waterloo / Cambridge / Guelph,Paris,"19 Broadway St W , Paris, ON N3L 2S3, Canada",200,1,1,
2026-05-24T17:50:40Z,Zone 3 — Sarnia / Lambton County,Grand Bend,"19 Brownridge Road , Georgetown, ON L7G 0C6, Canada",200,1,1,
2026-05-24T17:50:41Z,Zone 4 — London / Middlesex,Strathroy,"19 Centre St W , Strathroy, ON N7G 1T5, Canada",200,1,1,
2026-05-24T17:50:42Z,Zone 6 — Kitchener / Waterloo / Cambridge / Guelph,North Dumfries,"19 Thorne St , Cambridge, ON N1R 1S3, Canada",200,1,1,
2026-05-24T17:50:43Z,Zone 3 — Sarnia / Lambton County,Mooretown,"190 Menten Pl , Nepean, ON K2H 9G3, Canada",200,1,1,
2026-05-24T17:50:43Z,Zone 6 — Kitchener / Waterloo / Cambridge / Guelph,Cambridge,"190 Turnbull Ct , Cambridge, ON N1T 1J2, Canada",200,1,1,
2026-05-24T17:50:44Z,Zone 4 — London / Middlesex,Komoka,"191 Exeter Rd C & D & E & F & G, London, ON N6L 1A4, Canada",200,6,4,
2026-05-24T17:50:45Z,Zone 2 — Chatham-Kent,Mitchell's Bay,"1914 Side Rd 22, Thunder , ON P7K 1G7, Canada",200,1,1,
2026-05-24T17:50:45Z,Zone 2 — Chatham-Kent,Muirkirk,"19358 96 Ave , Surrey, BC V4N 4C1, Canada",200,1,1,
2026-05-24T17:50:46Z,Zone 4 — London / Middlesex,Port Stanley,"194 Main St , Port Stanley, ON N5L 1H6, Canada",200,1,1,
2026-05-24T17:50:47Z,Zone 1 — Windsor / Essex County,Belle River,"195 Blvd, Etobicoke, ON M9W 6H6, Canada",200,4,3,
2026-05-24T17:50:48Z,Zone 1 — Windsor / Essex County,Amherstburg,"19771 Brownstown Center Dr , Brownstown Township, MI 48183, USA",200,1,1,
2026-05-24T17:50:48Z,Zone 6 — Kitchener / Waterloo / Cambridge / Guelph,Guelph,"199 Victoria Rd S , Guelph, ON N1E 6T9, Canada",200,1,1,
2026-05-24T17:50:49Z,Zone 1 — Windsor / Essex County,Lakeshore,"1A Louise St , Tilbury, ON N0P 2L0, Canada",200,1,1,
2026-05-24T17:50:50Z,Zone 1 — Windsor / Essex County,Leamington,"2 Iroquois Rd , Leamington, ON N8H 3V7, Canada",200,1,1,
2026-05-24T17:50:51Z,Zone 2 — Chatham-Kent,Dealtown,"20 Armstrong Ave , Georgetown, ON L7G 4R9, Canada",200,1,1,
2026-05-24T17:50:51Z,Zone 4 — London / Middlesex,Rodney,"20 Automatic Rd , Brampton, ON L6S 5W5, Canada",200,1,1,
2026-05-24T17:50:52Z,Zone 4 — London / Middlesex,Wardsville,"20 Ct, Orangeville, ON L9W 3Z9, Canada",200,3,2,
2026-05-24T17:50:53Z,Zone 6 — Kitchener / Waterloo / Cambridge / Guelph,Kitchener,"20 Howard Pl , Kitchener, ON N2K4Z2, Canada",200,1,1,
2026-05-24T17:50:54Z,Zone 6 — Kitchener / Waterloo / Cambridge / Guelph,Kitchener,"20 Hurst Ave , Kitchener, ON N2G 2Z7, Canada",200,1,1,
2026-05-24T17:50:54Z,Zone 3 — Sarnia / Lambton County,Brights Grove,"20 Pl , Kitchener, ON N2E 2C3, Canada",200,1,1,
2026-05-24T17:50:55Z,Zone 3 — Sarnia / Lambton County,Oil Springs,"200 Brock St , Barrie, ON L4N 2M4, Canada",200,1,1,
2026-05-24T17:50:56Z,Zone 4 — London / Middlesex,Adelaide-Metcalfe,"200 Iber Rd , Stittsville, ON K2S 0L5, Canada",200,1,1,
2026-05-24T17:50:57Z,Zone 4 — London / Middlesex,Dutton,"200 Mulock Dr , Newmarket, ON L3Y 9B6, Canada",200,1,1,
2026-05-24T17:50:57Z,Zone 1 — Windsor / Essex County,Amherstburg,"200 St Arnaud St , Amherstburg, ON N9V 2P3, Canada",200,1,1,
2026-05-24T17:50:58Z,Zone 1 — Windsor / Essex County,Amherstburg,"200 St Arnaud St 5B, Amherstburg, ON N9V 2P3, Canada",200,1,1,
2026-05-24T17:50:59Z,Zone 6 — Kitchener / Waterloo / Cambridge / Guelph,Fergus,"200 St Patrick St E , Fergus, ON N1M 1M4, Canada",200,1,1,
2026-05-24T17:50:59Z,Zone 2 — Chatham-Kent,Dresden,"200 Universal Rd , Woodstock, ON N4S 7W3, Canada",200,1,1,
2026-05-24T17:51:00Z,Zone 6 — Kitchener / Waterloo / Cambridge / Guelph,New Hamburg,"200 Waterloo St , New Hamburg, ON N3A 1T9, Canada",200,1,1,
2026-05-24T17:51:01Z,Zone 4 — London / Middlesex,Middlesex Centre,"201 Exeter Rd , London, ON N5Y 4G2, Canada",200,1,1,
2026-05-24T17:51:02Z,Zone 3 — Sarnia / Lambton County,St. Clair,"201 N Riverside Ave , St Clair, MI 48079, USA",200,1,1,
2026-05-24T17:51:02Z,Zone 4 — London / Middlesex,Port Stanley,"204 Carlow Rd , Port Stanley, ON N5L 1C5, Canada",200,1,1,
2026-05-24T17:51:03Z,Zone 4 — London / Middlesex,Central Elgin,"204 Main St , Port Stanley, ON N5L 0B1, Canada",200,1,1,
2026-05-24T17:51:04Z,Zone 4 — London / Middlesex,Port Stanley,"204 Main St , Port Stanley, ON N5L 1C4, Canada",200,1,1,
2026-05-24T17:51:05Z,Zone 6 — Kitchener / Waterloo / Cambridge / Guelph,Breslau,"2057 Victoria St N , Breslau, ON N0B 1M0, Canada",200,1,1,
2026-05-24T17:51:05Z,Zone 5 — Woodstock / Oxford County,Plattsville,"2057 Victoria St N , Kitchener, ON N0B 1M0, Canada",200,1,0,
2026-05-24T17:51:06Z,Zone 1 — Windsor / Essex County,Stoney Point,"20600 Morris Rd RR, Tilbury, ON N0P 2L0, Canada",200,2,1,
2026-05-24T17:51:07Z,Zone 3 — Sarnia / Lambton County,Corunna,"208 Hill St , Corunna, ON N0N 1G0, Canada",200,1,1,
2026-05-24T17:51:07Z,Zone 6 — Kitchener / Waterloo / Cambridge / Guelph,Kitchener,"2085 Shirley Dr , Kitchener, ON N2B 3E2, Canada",200,1,1,
2026-05-24T17:51:08Z,Zone 4 — London / Middlesex,Shedden,"21 Hooper Rd , Barrie, ON L4N 9S3, Canada",200,1,1,
2026-05-24T17:51:09Z,Zone 3 — Sarnia / Lambton County,Sarnia,"21 Ube Dr , Sarnia, ON N7W 1B6, Canada",200,1,1,
2026-05-24T17:51:10Z,Zone 6 — Kitchener / Waterloo / Cambridge / Guelph,Drayton,"21 Wellington St S , Drayton, ON N0G 1P0, Canada",200,1,1,
2026-05-24T17:51:10Z,Zone 3 — Sarnia / Lambton County,Warwick,"210 Pony Dr , Newmarket, ON L3Y 7B6, Canada",200,1,1,
2026-05-24T17:51:11Z,Zone 6 — Kitchener / Waterloo / Cambridge / Guelph,Cambridge,"210 Sheldon Dr , Cambridge, ON N1T 1A8, Canada",200,1,1,
2026-05-24T17:51:12Z,Zone 2 — Chatham-Kent,Dealtown,"2104 Hwy 7 , Concord, ON L4K 2S9, Canada",200,1,1,
2026-05-24T17:51:13Z,Zone 4 — London / Middlesex,Glencoe,"211 McKellar St , Glencoe, ON N0L 1M0, Canada",200,1,1,
2026-05-24T17:51:13Z,Zone 2 — Chatham-Kent,Dealtown,"211 Wilkinson Rd , Brampton, ON L6T 4M2, Canada",200,1,1,
2026-05-24T17:51:14Z,Zone 6 — Kitchener / Waterloo / Cambridge / Guelph,Palmerston,"214 Main St W , Palmerston, ON N0G 2P0, Canada",200,1,1,
2026-05-24T17:51:15Z,Zone 5 — Woodstock / Oxford County,Zorra,"21767 , Nissouri Rd, Thorndale, ON N0M 2P0, Canada",200,1,1,
2026-05-24T17:51:16Z,Zone 6 — Kitchener / Waterloo / Cambridge / Guelph,Guelph,"218 Silvercreek Pkwy N , Guelph, ON N1H 8E8, Canada",200,1,1,
2026-05-24T17:51:16Z,Zone 1 — Windsor / Essex County,LaSalle,"2187 Huron Church Rd , Windsor, ON N9C 2L8, Canada",200,1,1,
2026-05-24T17:51:17Z,Zone 6 — Kitchener / Waterloo / Cambridge / Guelph,Conestogo,"219 Labrador Dr , Waterloo, ON N2K 4M8, Canada",200,1,1,
2026-05-24T17:51:18Z,Zone 4 — London / Middlesex,St. Thomas,"22 Spackman Blvd , St Thomas, ON N5P 4A3, Canada",200,1,1,
2026-05-24T17:51:18Z,Zone 4 — London / Middlesex,Middlesex Centre,"220 Exeter Rd , London, ON N6L 1A3, Canada",200,1,1,
2026-05-24T17:51:19Z,Zone 3 — Sarnia / Lambton County,Brigden,"220 Viceroy Rd , Vaughan, ON L4K 3C2, Canada",200,1,1,
2026-05-24T17:51:20Z,Zone 5 — Woodstock / Oxford County,Drumbo,"2223 Hamilton Rd , Trenton, ON K8V 5P8, Canada",200,1,1,
2026-05-24T17:51:21Z,Zone 4 — London / Middlesex,London,"2244 Huron St , London, ON N5V 0C4, Canada",200,1,1,
2026-05-24T17:51:21Z,Zone 5 — Woodstock / Oxford County,Woodstock,"225 Bysham Park Dr , Woodstock, ON N4T 1P1, Canada",200,1,1,
2026-05-24T17:51:22Z,Zone 6 — Kitchener / Waterloo / Cambridge / Guelph,Cambridge,"225 Hanlon Creek Boulevard 27, Guelph, ON N1C 0A1, Canada",200,1,1,
2026-05-24T17:51:23Z,Zone 6 — Kitchener / Waterloo / Cambridge / Guelph,Wellesley,"225 The Boardwalk , Kitchener, ON N2N 0B1, Canada",200,1,1,
2026-05-24T17:51:24Z,Zone 1 — Windsor / Essex County,Stoney Point,"23 Hannover Dr , St. Catharines, ON L2W 1A3, Canada",200,1,1,
2026-05-24T17:51:24Z,Zone 3 — Sarnia / Lambton County,Brigden,"23 Kenyon St , Brantford, ON N3S 7R7, Canada",200,1,1,
2026-05-24T17:51:25Z,Zone 3 — Sarnia / Lambton County,Dawn-Euphemia,"230 Hempstead Dr , Hamilton, ON L8W 2E8, Canada",200,1,1,
2026-05-24T17:51:26Z,Zone 3 — Sarnia / Lambton County,Forest,"2301 Royal Windsor Dr , Mississauga, ON L5J 1K5, Canada",200,1,1,
2026-05-24T17:51:26Z,Zone 1 — Windsor / Essex County,LaSalle,"2301 Sandwich W Pkwy , LaSalle, ON N9H 0R3, Canada",200,1,1,
2026-05-24T17:51:27Z,Zone 4 — London / Middlesex,Strathroy,"233 Ave, Strathroy, ON N7G 4J1, Canada",200,18,13,
2026-05-24T17:51:28Z,Zone 4 — London / Middlesex,Middlesex Centre,"234 Exeter Rd , London, ON N6L 1A3, Canada",200,1,1,
2026-05-24T17:51:29Z,Zone 4 — London / Middlesex,Adelaide-Metcalfe,"2340 Egremont Dr , Strathroy, ON N7G 3H6, Canada",200,1,1,
2026-05-24T17:51:29Z,Zone 4 — London / Middlesex,London,"2351 Huron St , London, ON N5V 0A8, Canada",200,1,1,
2026-05-24T17:51:30Z,Zone 3 — Sarnia / Lambton County,Port Lambton,"2365 Energy Dr. , Bowmanville, ON L1C 6Z9, Canada",200,1,1,
2026-05-24T17:51:31Z,Zone 1 — Windsor / Essex County,Windsor,"2375 Tecumseh Rd W , Windsor, ON N9B 1W2, Canada",200,1,1,
2026-05-24T17:51:32Z,Zone 4 — London / Middlesex,Adelaide-Metcalfe,"238 Corduroy Rd , Vars, ON K0A 3H0, Canada",200,1,1,
2026-05-24T17:51:32Z,Zone 4 — London / Middlesex,Dutton,"238 Gage Ave N , Hamilton, ON L8L 7A7, Canada",200,1,1,
2026-05-24T17:51:33Z,Zone 1 — Windsor / Essex County,Leamington,"24 Dimar Dr , Kingsville, ON N9Y 0G2, Canada",200,1,0,
2026-05-24T17:51:34Z,Zone 4 — London / Middlesex,Belmont,"24 Melham Ct , Scarborough, ON M1B 2T8, Canada",200,1,1,
2026-05-24T17:51:35Z,Zone 4 — London / Middlesex,Belmont,"240 Adam St , Belleville, ON K8N 4S5, Canada",200,1,1,
2026-05-24T17:51:35Z,Zone 1 — Windsor / Essex County,Stoney Point,"240 S Service Rd , Stoney Creek, ON L8E 2N9, Canada",200,1,1,
2026-05-24T17:51:36Z,Zone 4 — London / Middlesex,Adelaide-Metcalfe,"2413 Dr , Ottawa, ON K1G 3W1, Canada",200,7,6,
2026-05-24T17:51:37Z,Zone 3 — Sarnia / Lambton County,Watford,"2430 Lucknow Dr , Mississauga, ON L5S 1V3, Canada",200,2,2,
2026-05-24T17:51:38Z,Zone 6 — Kitchener / Waterloo / Cambridge / Guelph,Cambridge,"244 Montrose St N , Cambridge, ON N3H 2H7, Canada",200,1,1,
2026-05-24T17:51:38Z,Zone 4 — London / Middlesex,Southwold,"244 Woolwich St S , Breslau, ON N0B 1M0, Canada",200,1,0,
2026-05-24T17:51:39Z,Zone 6 — Kitchener / Waterloo / Cambridge / Guelph,Guelph,"245 Southgate Dr , Guelph, ON N1G 3M5, Canada",200,1,1,
2026-05-24T17:51:40Z,Zone 6 — Kitchener / Waterloo / Cambridge / Guelph,Fergus,"245 St Andrew St W , Fergus, ON N1M 1N8, Canada",200,1,1,
2026-05-24T17:51:41Z,Zone 1 — Windsor / Essex County,Stoney Point,"247 Centennial Pkwy N , Hamilton, ON L8E 2X3, Canada",200,1,1,
2026-05-24T17:51:41Z,Zone 2 — Chatham-Kent,Dealtown,"2470 Lucknow Dr , Mississauga, ON L4T 3Y3, Canada",200,1,1,
2026-05-24T17:51:42Z,Zone 4 — London / Middlesex,Dorchester,"248 Hamilton Crescent , Dorchester, ON N0L 1G4, Canada",200,1,1,
2026-05-24T17:51:43Z,Zone 6 — Kitchener / Waterloo / Cambridge / Guelph,Kitchener,"2481 Kingsway Dr , Kitchener, ON N2C 1A6, Canada",200,1,1,
2026-05-24T17:51:43Z,Zone 4 — London / Middlesex,Dorchester,"249 Hamilton Crescent , Dorchester, ON N0L 1G4, Canada",200,1,1,
2026-05-24T17:51:44Z,Zone 4 — London / Middlesex,Middlesex Centre,"249 Springbank Dr , London, ON N6J 1G2, Canada",200,1,1,
