place_id,company_name,formatted_address,city_searched,zone,keyword_searched,raw_query
ChIJl0hsI8zzK4gRVsnMqbpo_3s,Unit B&C,"Unit B&C, 105 Northland Rd, Waterloo, ON N2V 1Y8, Canada",Waterloo,Zone 6 — Kitchener / Waterloo / Cambridge / Guelph,hub_address_search,"105 Northland Rd , Waterloo, ON N2V 1Y8, Canada"
ChIJ3YCTLFIrLIgRppE4ecl6RWw,Shoebokx,"14719 Bayham Dr, Tillsonburg, ON N4G 4G8, Canada",Bayham,Zone 4 — London / Middlesex,hub_address_search,"14719 Dr, Tillsonburg, ON N4G 4G8, Canada"
ChIJq6ouUPUrLIgRDcNMq9jY7BI,Sulkowski Brothers,"14719 Bayham Dr, Tillsonburg, ON N4G 4G8, Canada",Bayham,Zone 4 — London / Middlesex,hub_address_search,"14719 Dr, Tillsonburg, ON N4G 4G8, Canada"
ChIJ0xOvoakrLIgRDxiq0fTfmkc,Tiltran Services Inc,"14719 Bayham Dr, Tillsonburg, ON N4G 4G8, Canada",Bayham,Zone 4 — London / Middlesex,hub_address_search,"14719 Dr, Tillsonburg, ON N4G 4G8, Canada"
ChIJWU5rLWApLIgRS7_g_PlH-4I,Tillsonburg Family Physicians,"594 Broadway St #4, Tillsonburg, ON N4G 3N9, Canada",Bayham,Zone 4 — London / Middlesex,hub_address_search,"14719 Dr, Tillsonburg, ON N4G 4G8, Canada"
ChIJ_99etXKDmI0R_E9Zp_Sq3_Q,Sequoia Tree Services,"100 Townline Rd, Tillsonburg, ON N4G 2R7, Canada",Bayham,Zone 4 — London / Middlesex,hub_address_search,"14719 Dr, Tillsonburg, ON N4G 4G8, Canada"
ChIJ49iHOF4rLIgRn3mUMaVlJ4Y,Restorative Health Inc.,"213 Tillson Ave unit b, Tillsonburg, ON N4G 3B3, Canada",Bayham,Zone 4 — London / Middlesex,hub_address_search,"14719 Dr, Tillsonburg, ON N4G 4G8, Canada"
ChIJHyHv7N8rLIgRmJ8fLgat1G0,RE/MAX TRI-COUNTY REALTY INC,"565 Broadway St, Tillsonburg, ON N4G 3S8, Canada",Bayham,Zone 4 — London / Middlesex,hub_address_search,"14719 Dr, Tillsonburg, ON N4G 4G8, Canada"
ChIJUbla-fMrLIgRs3AL9EOZEiw,Royal Lepage R.E. Wood Realty brokerage,"55 Brock St E, Tillsonburg, ON N4G 1Z7, Canada",Bayham,Zone 4 — London / Middlesex,hub_address_search,"14719 Dr, Tillsonburg, ON N4G 4G8, Canada"
ChIJ-UFW1AW8OogRxA3DiIwWF6E,Lake Erie Management Unit,"320 Milo Rd, Wheatley, ON N0P 2P0, Canada",Wheatley,Zone 1 — Windsor / Essex County,hub_address_search,"R.R. , 303 Milo Rd, Wheatley, ON N0P 2P0, Canada"
ChIJDbL0axSQK4gRbI6bdOYctUQ,Emtek Processed Alloys,"105 Boxwood Dr #1, Cambridge, ON N3E 0A9, Canada",Cambridge,Zone 6 — Kitchener / Waterloo / Cambridge / Guelph,hub_address_search,"105 Boxwood Dr , Cambridge, ON N3W 0A7, Canada"
ChIJdeMisdqJK4gROB467ay5Ny8,VE Electric Limited,"105 Boxwood Dr, Cambridge, ON N3E 0A5, Canada",Cambridge,Zone 6 — Kitchener / Waterloo / Cambridge / Guelph,hub_address_search,"105 Boxwood Dr , Cambridge, ON N3W 0A7, Canada"
ChIJBRVzDI6EK4gReiCEpei46rs,Cintas Uniform Services,"125 Boxwood Dr, Cambridge, ON N3E 1A4, Canada",Cambridge,Zone 6 — Kitchener / Waterloo / Cambridge / Guelph,hub_address_search,"105 Boxwood Dr , Cambridge, ON N3W 0A7, Canada"
ChIJ4VOfZXrjL4gRRHSftHOe34g,Unit D,"Unit D, 12 Graham St, Blenheim, ON N0P 1A0, Canada",Blenheim,Zone 2 — Chatham-Kent,hub_address_search,"12 Graham St, Blenheim, ON N0P 1A0, Canada"
ChIJXWfUs33uK4gRyLadehsWI0Y,#1,"#1, 126 Bonnie Crescent, Elmira, ON N3B 3J8, Canada",Elmira,Zone 6 — Kitchener / Waterloo / Cambridge / Guelph,hub_address_search,"126 Bonnie Crescent, Elmira, ON N3B 3J8, Canada"
ChIJS1cXKrup1UwRCfBSP-9LhfM,4,"4, 130 Industrial Park Rd, Haliburton, ON K0M 1S0, Canada",Anderdon,Zone 1 — Windsor / Essex County,hub_address_search,"130 Industrial Park Rd , Haliburton, ON K0M 1S0, Canada"
ChIJjYsTcNn0L4gRXz3oNtMfKZM,Dresden,"Dresden, ON N0P 1M0, Canada",Dresden,Zone 2 — Chatham-Kent,hub_address_search,"1420 Hwy. South, Dresden, ON N0P 1M0, Canada"
ChIJNyxaefErLIgRtS_IMJpjSsA,Tillsonburg Medical Centre,"200 Broadway St, Tillsonburg, ON N4G 5A8, Canada",Bayham,Zone 4 — London / Middlesex,hub_address_search,"14719 Dr , Tillsonburg, ON N4G 4G8, Canada"
ChIJuVEe7j3AW0ARKPipYnBArB8,Tillsonburg Medical Clinic,"81 Fox Alley, Tillsonburg, ON N4G 3P4, Canada",Bayham,Zone 4 — London / Middlesex,hub_address_search,"14719 Dr , Tillsonburg, ON N4G 4G8, Canada"
ChIJB-R8KmepKU0RFV_IH6gn1Og,Sandy Shores Lakehouse,"444 Waltonian Dr, Callander, ON P0H 1H0, Canada",Drumbo,Zone 5 — Woodstock / Oxford County,hub_address_search,"15 Drive, Callander, ON P0H 1H0, Canada"
ChIJEaCBp-2uKU0RXAsW4SWdP8Y,Callander Community Centre,"1984 Swale St, Callander, ON P0H 1H0, Canada",Drumbo,Zone 5 — Woodstock / Oxford County,hub_address_search,"15 Drive, Callander, ON P0H 1H0, Canada"
ChIJ0V9ki_quKU0RJF7R7PrK7tc,Callander Bay Heritage Museum & Alex Dufresne Gallery,"107 Lansdowne St E, Callander, ON P0H 1H0, Canada",Drumbo,Zone 5 — Woodstock / Oxford County,hub_address_search,"15 Drive, Callander, ON P0H 1H0, Canada"
ChIJx1JgFuOvKU0RnAsRSvRazD8,Angler’s Pub and Grill,"6 Main St S, Callander, ON P0H 1H0, Canada",Drumbo,Zone 5 — Woodstock / Oxford County,hub_address_search,"15 Drive, Callander, ON P0H 1H0, Canada"
ChIJz8XjOfCuKU0RlVt_S2ZphfE,Municipality of Callander,"280 Main St N, Callander, ON P0H 1H0, Canada",Drumbo,Zone 5 — Woodstock / Oxford County,hub_address_search,"15 Drive, Callander, ON P0H 1H0, Canada"
ChIJj8gTXvdxqkER5BPzlC77Vis,Lu Lu's Callander Bar and Grill,"5 Main St S, Callander, ON P0H 1H0, Canada",Drumbo,Zone 5 — Woodstock / Oxford County,hub_address_search,"15 Drive, Callander, ON P0H 1H0, Canada"
ChIJgQvAk3avKU0R8cdToxnZxCI,Callander Bay Self Storage,"471 ON-654, Callander, ON P0H 1H0, Canada",Drumbo,Zone 5 — Woodstock / Oxford County,hub_address_search,"15 Drive, Callander, ON P0H 1H0, Canada"
ChIJU6tOePquKU0RcQdDHtHHnh8,Phoenix Restaurant,"26 Main St N, Callander, ON P0H 1H0, Canada",Drumbo,Zone 5 — Woodstock / Oxford County,hub_address_search,"15 Drive, Callander, ON P0H 1H0, Canada"
ChIJG_33nzmvKU0RuANW3ZFVeI4,Terrace Golf,"2363 Callander Bay Dr Building G, Callander, ON P0H 1W0, Canada",Drumbo,Zone 5 — Woodstock / Oxford County,hub_address_search,"15 Drive, Callander, ON P0H 1H0, Canada"
ChIJqQAgnvCuKU0RstIqffIhheI,Circle K,"26 Main St N #5, Callander, ON P0H 1H0, Canada",Drumbo,Zone 5 — Woodstock / Oxford County,hub_address_search,"15 Drive, Callander, ON P0H 1H0, Canada"
ChIJT1boSuyuKU0RR7KD2Vi4MDQ,Sunbeam Bungalows,"834 Main St S, Callander, ON P0H 1H0, Canada",Drumbo,Zone 5 — Woodstock / Oxford County,hub_address_search,"15 Drive, Callander, ON P0H 1H0, Canada"
ChIJ7f4KmvCuKU0RFnba1IT5Roo,Callander Public Library,"30 Catherine St W, Callander, ON P0H 1H0, Canada",Drumbo,Zone 5 — Woodstock / Oxford County,hub_address_search,"15 Drive, Callander, ON P0H 1H0, Canada"
ChIJGfOK9VmuKU0RSrHNUfepDVQ,Terrace Suites,"2363 ON-94, Callander, ON P0H 1W0, Canada",Drumbo,Zone 5 — Woodstock / Oxford County,hub_address_search,"15 Drive, Callander, ON P0H 1H0, Canada"
ChIJQ3UglWPZ1IkR4Gmh8S31bB8,HealRX Medical Clinic and Pharmacy,"1550 Bayly St #6, Pickering, ON L1W 3W1, Canada",Kerwood,Zone 4 — London / Middlesex,hub_address_search,"1550 St , Pickering, ON L1W 3W1, Canada"
ChIJRypRcv7e1IkRybiAmvlwKJQ,Allegra Marketing Print Mail,"1550 Bayly St Units 1-4, Pickering, ON L1W 1Y7, Canada",Kerwood,Zone 4 — London / Middlesex,hub_address_search,"1550 St , Pickering, ON L1W 3W1, Canada"
ChIJKQ6G8Nzf1IkRd2XzzJ_Z-bs,Image360 Pickering,"1550 Bayly St #42, Pickering, ON L1W 3W1, Canada",Kerwood,Zone 4 — London / Middlesex,hub_address_search,"1550 St , Pickering, ON L1W 3W1, Canada"
ChIJUVaiZSDf1IkRmlb2zxejm80,Pickering First Place Medical Clinic,"1550 Kingston Rd Unit 11, Pickering, ON L1V 1C3, Canada",Kerwood,Zone 4 — London / Middlesex,hub_address_search,"1550 St , Pickering, ON L1W 3W1, Canada"
ChIJk_W1xCjf1IkR29qRnwu2GKI,Tetra Tech,"1550 Bayly St, Pickering, ON L1W 1Y7, Canada",Kerwood,Zone 4 — London / Middlesex,hub_address_search,"1550 St , Pickering, ON L1W 3W1, Canada"
ChIJIR-1sOTe1IkR_0gSgR5WB1Y,Graymatter Marketing + Media,"1550 Bayly St #16a, Pickering, ON L1W 3W1, Canada",Kerwood,Zone 4 — London / Middlesex,hub_address_search,"1550 St , Pickering, ON L1W 3W1, Canada"
ChIJnS9najNAtEgRLChV-lAyUeo,CLAZ Accounting Professional Corporation,"1550 Bayly St #17, Pickering, ON L1W 3W1, Canada",Kerwood,Zone 4 — London / Middlesex,hub_address_search,"1550 St , Pickering, ON L1W 3W1, Canada"
ChIJu0kKvRjf1IkR9pem46sOBYA,Sonia’s Alteration,"1550 Bayly St, Pickering, ON L1W 3W1, Canada",Kerwood,Zone 4 — London / Middlesex,hub_address_search,"1550 St , Pickering, ON L1W 3W1, Canada"
ChIJb8DGou7f1IkR-GawRMzlziM,Paxle Prefab Solutions,"1550 Bayly St, Pickering, ON L1W 3W1, Canada",Kerwood,Zone 4 — London / Middlesex,hub_address_search,"1550 St , Pickering, ON L1W 3W1, Canada"
ChIJZ4mp2sHf1IkRxEA_KE4SynQ,Design 905,"1550 Bayly St #16a, Pickering, ON L1W 3W1, Canada",Kerwood,Zone 4 — London / Middlesex,hub_address_search,"1550 St , Pickering, ON L1W 3W1, Canada"
ChIJz-6sulTf1IkRm-JQwO7hd8U,Heaffles,"1550 Kingston Rd, Pickering, ON L1V 1X6, Canada",Kerwood,Zone 4 — London / Middlesex,hub_address_search,"1550 St , Pickering, ON L1W 3W1, Canada"
ChIJgeoJ9d3e1IkRo0Szv7V9Cyo,Pickering Office Complex,"1305 Pickering Pkwy, Pickering, ON L1V 3P2, Canada",Kerwood,Zone 4 — London / Middlesex,hub_address_search,"1550 St , Pickering, ON L1W 3W1, Canada"
ChIJy_85uSLT1IkRlFo9KnoKCJA,Swift Continental Ltd,"1550 Bayly St Unit 27/28, Pickering, ON L1W 3W1, Canada",Kerwood,Zone 4 — London / Middlesex,hub_address_search,"1550 St , Pickering, ON L1W 3W1, Canada"
ChIJOzSQMfve1IkR4TiV9mZqTME,Metal Form Signs & Graphics,"1550 Bayly St Unit 40, Pickering, ON L1W 3W1, Canada",Kerwood,Zone 4 — London / Middlesex,hub_address_search,"1550 St , Pickering, ON L1W 3W1, Canada"
ChIJTd3U_Xvf1IkRPPpKAS1yyxc,C.Live Accounting Services,"1550 Bayly St #17, Pickering, ON L1W 3W1, Canada",Kerwood,Zone 4 — London / Middlesex,hub_address_search,"1550 St , Pickering, ON L1W 3W1, Canada"
ChIJi0n7Uxnf1IkRD8pd4t4E2Zk,Pickering First Place Pharmacy,"1550 Kingston Rd Unit 11, Pickering, ON L1V 6W9, Canada",Kerwood,Zone 4 — London / Middlesex,hub_address_search,"1550 St , Pickering, ON L1W 3W1, Canada"
ChIJJRvl4hvf1IkR-iYv_0FArWQ,First Pickering Place,"1550 Kingston Rd, Pickering, ON L1V 6W9, Canada",Kerwood,Zone 4 — London / Middlesex,hub_address_search,"1550 St , Pickering, ON L1W 3W1, Canada"
ChIJSez7Jsjf1IkRSKKxQodOJwA,Tracer Golf Driving Range,"1698 Bayly St UNIT 5, Pickering, ON L1W 1L9, Canada",Delhi,Zone 5 — Woodstock / Oxford County,hub_address_search,"1698 St, Pickering, ON L1W 1L9, Canada"
ChIJS0RQMECIK4gR5v8KehaDT2o,9&10,"9&10, 1721 Bishop St N, Cambridge, ON N1T 1N5, Canada",Newbury,Zone 4 — London / Middlesex,hub_address_search,"1721 Bishop St N , Cambridge, ON N1T 1N5, Canada"
ChIJi8T9uT3tLogRLz76kZ7n9pE,#5,"#5, 1859 Oxford St E, London, ON N5V 2Z6, Canada",Cedar Springs,Zone 2 — Chatham-Kent,hub_address_search,"1859 Oxford St E, London, ON N5V 2Z6, Canada"
ChIJN-Svg0KIK4gRXrB8IlnQhj0,#9-10,"#9-10, 188 Turnbull Ct, Cambridge, ON N1T 1J2, Canada",Cambridge,Zone 6 — Kitchener / Waterloo / Cambridge / Guelph,hub_address_search,"188 Turnbull Ct, Cambridge, ON N1T 1J2, Canada"
ChIJxyhVjfDzLogRIBr5CfcDPh4,IRCC London,"417 Exeter Rd, London, ON N6E 2Z3, Canada",Komoka,Zone 4 — London / Middlesex,hub_address_search,"191 Exeter Rd C & D & E & F & G, London, ON N6L 1A4, Canada"
ChIJ43SJVk3xLogRFATQm7VJt60,Fiber Core Communications,"199 Exeter Rd h, London, ON N6L 1A4, Canada",Komoka,Zone 4 — London / Middlesex,hub_address_search,"191 Exeter Rd C & D & E & F & G, London, ON N6L 1A4, Canada"
ChIJh0sARvzzLogRlSML2ST0zL0,Glass Canada,"330 Exeter Rd A, London, ON N6L 1A3, Canada",Komoka,Zone 4 — London / Middlesex,hub_address_search,"191 Exeter Rd C & D & E & F & G, London, ON N6L 1A4, Canada"
ChIJHU_qoqvzLogRWjCwedFKjdU,Foundation Building Materials,"571 Exeter Rd, London, ON N6E 2Z2, Canada",Komoka,Zone 4 — London / Middlesex,hub_address_search,"191 Exeter Rd C & D & E & F & G, London, ON N6L 1A4, Canada"
ChIJiwHwuBM7K4gRWwf5vcUdJxA,Qualified Metal Fabricators Ltd,"55 Steinway Blvd, Etobicoke, ON M9W 6H6, Canada",Belle River,Zone 1 — Windsor / Essex County,hub_address_search,"195 Blvd, Etobicoke, ON M9W 6H6, Canada"
ChIJY2WTuBM7K4gRgJP0y-GVkyE,ASA Alloys,"81 Steinway Blvd, Etobicoke, ON M9W 6H6, Canada",Belle River,Zone 1 — Windsor / Essex County,hub_address_search,"195 Blvd, Etobicoke, ON M9W 6H6, Canada"
ChIJSZdpexc7K4gRoR9K-fct-Ps,Sat Metal Fabrication Inc,"22 Goodmark Pl #24, Etobicoke, ON M9W 6R2, Canada",Belle River,Zone 1 — Windsor / Essex County,hub_address_search,"195 Blvd, Etobicoke, ON M9W 6H6, Canada"
ChIJ8-brBACzOogRuoenyqNykX4,1A Louise St,"1A Louise St, Tilbury, ON N0P 2L0, Canada",Lakeshore,Zone 1 — Windsor / Essex County,hub_address_search,"1A Louise St , Tilbury, ON N0P 2L0, Canada"
ChIJqTqLOBGqK4gRIt2zsCqPRDM,EEC,"207311 ON-9, Mono, ON L9W 6J2, Canada",Wardsville,Zone 4 — London / Middlesex,hub_address_search,"20 Ct, Orangeville, ON L9W 3Z9, Canada"
ChIJY44qdBCqK4gRAjIALegXadY,City Electric Supply Orangeville,"22 Robb Blvd, Orangeville, ON L9W 3L2, Canada",Wardsville,Zone 4 — London / Middlesex,hub_address_search,"20 Ct, Orangeville, ON L9W 3Z9, Canada"
ChIJdaEIIzn1K4gRWYTxBr0taVk,WEICON Inc.,"20 Steckle Pl unit 20, Kitchener, ON N2E 1X2, Canada",Brights Grove,Zone 3 — Sarnia / Lambton County,hub_address_search,"20 Pl , Kitchener, ON N2E 2C3, Canada"
ChIJn-8MtVSyOogRHkAoZj3-De4,"RE/MAX Preferred Realty Ltd., Tilbury","20 Queen St S Unit 2, Tilbury, ON N0P 2L0, Canada",Stoney Point,Zone 1 — Windsor / Essex County,hub_address_search,"20600 Morris Rd RR, Tilbury, ON N0P 2L0, Canada"
ChIJbXAos_YDL4gRqAkVEyo9Vm4,Portuguese Canadian Club of Strathroy,"375 York St, Strathroy, ON N7G 3J2, Canada",Strathroy,Zone 4 — London / Middlesex,hub_address_search,"233 Ave, Strathroy, ON N7G 4J1, Canada"
ChIJXxMP8RkEL4gRViQ9YDySgJ0,A&W Canada,"96 Caradoc St S, Strathroy, ON N7G 2N8, Canada",Strathroy,Zone 4 — London / Middlesex,hub_address_search,"233 Ave, Strathroy, ON N7G 4J1, Canada"
ChIJPfmQVEEEL4gROWidRSyZUjk,BDO Canada LLP - Strathroy,"425 Caradoc St S Suite E, Strathroy, ON N7G 2L7, Canada",Strathroy,Zone 4 — London / Middlesex,hub_address_search,"233 Ave, Strathroy, ON N7G 4J1, Canada"
ChIJq3hpJBUEL4gRksIaSzEamjk,VON Middlesex-Elgin,"274 Head St N, Strathroy, ON N7G 2A8, Canada",Strathroy,Zone 4 — London / Middlesex,hub_address_search,"233 Ave, Strathroy, ON N7G 4J1, Canada"
ChIJea2IohwEL4gROSxtUsyDmxI,Roy's Coffee Shop,"273 Caradoc St S, Strathroy, ON N7G 2P3, Canada",Strathroy,Zone 4 — London / Middlesex,hub_address_search,"233 Ave, Strathroy, ON N7G 4J1, Canada"
ChIJj3bjCRQEL4gRwhu5GiIV_8M,All Saints Parish,"124 Front St E, Strathroy, ON N7G 1Y9, Canada",Strathroy,Zone 4 — London / Middlesex,hub_address_search,"233 Ave, Strathroy, ON N7G 4J1, Canada"
ChIJufNsbT0EL4gRxy3XPcp_7-g,Middlesex Community Living,"82 Front St W, Strathroy, ON N7G 1X7, Canada",Strathroy,Zone 4 — London / Middlesex,hub_address_search,"233 Ave, Strathroy, ON N7G 4J1, Canada"
ChIJ-xhZhiwFL4gRQxTlP84xDs4,Strathroy Residence,"25354 Wood Rd, Strathroy, ON N7G 3H6, Canada",Strathroy,Zone 4 — London / Middlesex,hub_address_search,"233 Ave, Strathroy, ON N7G 4J1, Canada"
ChIJUVWdsooEL4gRKsr3tRUh1YE,Asg Excavating Inc.,"710 Wright St, Strathroy, ON N7G 3H8, Canada",Strathroy,Zone 4 — London / Middlesex,hub_address_search,"233 Ave, Strathroy, ON N7G 4J1, Canada"
ChIJ72zE_poFL4gRaBeUac5DbKE,BDO Debt Solutions,"425 Caradoc St S Suite E, Strathroy, ON N7G 2P5, Canada",Strathroy,Zone 4 — London / Middlesex,hub_address_search,"233 Ave, Strathroy, ON N7G 4J1, Canada"
ChIJObFT8n4EL4gR0OW9posO_1c,Strathroy Spirit Basketball,"361 Second St, Strathroy, ON N7G 4J8, Canada",Strathroy,Zone 4 — London / Middlesex,hub_address_search,"233 Ave, Strathroy, ON N7G 4J1, Canada"
ChIJG7xzej0EL4gRWUalmqWcuXw,H & N Tax Services,"70 Front St W, Strathroy, ON N7G 1X7, Canada",Strathroy,Zone 4 — London / Middlesex,hub_address_search,"233 Ave, Strathroy, ON N7G 4J1, Canada"
ChIJm3sbp14EL4gRdvF2g2-JIhY,Ontario Provincial Police - Middlesex,"28444 Centre Rd, Strathroy, ON N7G 3H8, Canada",Strathroy,Zone 4 — London / Middlesex,hub_address_search,"233 Ave, Strathroy, ON N7G 4J1, Canada"
ChIJ-yyXerAHzkwR6pDsiimrha4,The ID Group,"2413 Stevenage Dr #6, Ottawa, ON K1G 3W1, Canada",Adelaide-Metcalfe,Zone 4 — London / Middlesex,hub_address_search,"2413 Dr , Ottawa, ON K1G 3W1, Canada"
ChIJTUnvvtAOzkwRZmVbwkE8AY8,Best Friends Dog Training,"3210 Swansea Crescent, Ottawa, ON K1G 3W4, Canada",Adelaide-Metcalfe,Zone 4 — London / Middlesex,hub_address_search,"2413 Dr , Ottawa, ON K1G 3W1, Canada"
ChIJVUQqKtcOzkwRLsdJvTWcDSk,DFB Associates,"2350 Stevenage Dr, Ottawa, ON K1G 3W3, Canada",Adelaide-Metcalfe,Zone 4 — London / Middlesex,hub_address_search,"2413 Dr , Ottawa, ON K1G 3W1, Canada"
ChIJp9Kq2tsPzkwR0O2b_ul4zko,Solvazel Logistics,"2413 Stevenage Dr unit 23, Ottawa, ON K1G 3W1, Canada",Adelaide-Metcalfe,Zone 4 — London / Middlesex,hub_address_search,"2413 Dr , Ottawa, ON K1G 3W1, Canada"
ChIJw5lMWQAPzkwRimSHNwmcMcA,JŔS Shop Unit 21,"2413 Stevenage Dr, Ottawa, ON K1G 3W1, Canada",Adelaide-Metcalfe,Zone 4 — London / Middlesex,hub_address_search,"2413 Dr , Ottawa, ON K1G 3W1, Canada"
ChIJR-MLjtYOzkwRa9yisKxYIIk,Paramount Door & Window Service,"2295 Stevenage Dr Unit 6, Ottawa, ON K1G 3W1, Canada",Adelaide-Metcalfe,Zone 4 — London / Middlesex,hub_address_search,"2413 Dr , Ottawa, ON K1G 3W1, Canada"
ChIJ1a7lw2y9KogRZApH3nn5BhQ,Purolator Quick Pick-Up,"330 Bayview Dr, Barrie, ON L4N 8X9, Canada",Dealtown,Zone 2 — Chatham-Kent,hub_address_search,"279 Dr, Barrie, ON L4N 8X9, Canada"
ChIJM9WAMfG8KogRLX58Ifa3QZI,Purolator,"330 Bayview Dr, Barrie, ON L4N 8X9, Canada",Dealtown,Zone 2 — Chatham-Kent,hub_address_search,"279 Dr, Barrie, ON L4N 8X9, Canada"
ChIJlYUUk869KogRVaoQMxv8i3U,Garaga - Barrie (Manufacturing Plant),"333 Bayview Dr, Barrie, ON L4N 8X9, Canada",Dealtown,Zone 2 — Chatham-Kent,hub_address_search,"279 Dr, Barrie, ON L4N 8X9, Canada"
ChIJYcL3iIi9KogRcQZ1H-uOsVQ,DHL Express Authorized Shipping Center,"4 Cedar Pointe Dr, Barrie, ON L4N 1C2, Canada",Dealtown,Zone 2 — Chatham-Kent,hub_address_search,"279 Dr, Barrie, ON L4N 8X9, Canada"
ChIJayN5ese8KogRjdXDjrDGQ34,ServiceOntario,"274 Burton Ave Unit 21, Barrie, ON L4N 5W4, Canada",Dealtown,Zone 2 — Chatham-Kent,hub_address_search,"279 Dr, Barrie, ON L4N 8X9, Canada"
ChIJLxUzX9yiKogRw90yaViLTd4,ServiceOntario,"320 Bayfield St #104, Barrie, ON L4M 3C1, Canada",Dealtown,Zone 2 — Chatham-Kent,hub_address_search,"279 Dr, Barrie, ON L4N 8X9, Canada"
ChIJLYwhWRi9KogR4OI6uHjD6Xw,Kaycan,"45 Fraser Ct, Barrie, ON L4N 5J5, Canada",Dealtown,Zone 2 — Chatham-Kent,hub_address_search,"279 Dr, Barrie, ON L4N 8X9, Canada"
ChIJM7MlCV-8KogRMC2ipbt-8ss,Georgian Door & Gate,"250 Bayview Dr Unit 10, Barrie, ON L4N 4Y8, Canada",Dealtown,Zone 2 — Chatham-Kent,hub_address_search,"279 Dr, Barrie, ON L4N 8X9, Canada"
ChIJfyiq3o28KogRlBg4wMU7fAk,Barrie Glass & Mirror Ltd.,"124 Big Bay Point Rd, Barrie, ON L4N 9B4, Canada",Dealtown,Zone 2 — Chatham-Kent,hub_address_search,"279 Dr, Barrie, ON L4N 8X9, Canada"
ChIJD7LC_iejKogRd_fL2CdPChA,Purolator Drop Box,"190 Cundles Rd E, Barrie, ON L4M 4S5, Canada",Dealtown,Zone 2 — Chatham-Kent,hub_address_search,"279 Dr, Barrie, ON L4N 8X9, Canada"
ChIJ5VyG5DfxLogRujlhmRBEGpM,9,"9, 3392 Wonderland Rd S, London, ON N6L 1A8, Canada",London,Zone 4 — London / Middlesex,hub_address_search,"3392 Wonderland Rd S , London, ON N6L 1J9, Canada"
ChIJT07plnWbK4gRe71cn7_MDkQ,EMCO Guelph,"65 Dawson Rd #1, Guelph, ON N1H 1B1, Canada",Guelph,Zone 6 — Kitchener / Waterloo / Cambridge / Guelph,hub_address_search,"340 Edinburgh Rd. N, * Large trucks should enter compound at, EMCO, 65 Dawson Rd, Guelph, ON N1H 7Y4, Canada"
ChIJPygfHv_zK4gR52JoFq13DVk,#4,"#4, 368 Phillip St, Waterloo, ON N2L 5J1, Canada",Waterloo,Zone 6 — Kitchener / Waterloo / Cambridge / Guelph,hub_address_search,"368 Phillip St , Waterloo, ON N2L 5J1, Canada"
ChIJg1Mxj-3zK4gR4Uvuz5OK6Vk,401A Weber St N,"401A Weber St N, Waterloo, ON N2J 3J2, Canada",Waterloo,Zone 6 — Kitchener / Waterloo / Cambridge / Guelph,hub_address_search,"401 Weber St N , Waterloo, ON N2J 3J2, Canada"
ChIJiW08NjlDKYgRyE-OAv85Djw,Longhaul Trailer Sales,"1150 Wallace Ave N, Listowel, ON N4W 1M6, Canada",Listowel,Zone 6 — Kitchener / Waterloo / Cambridge / Guelph,hub_address_search,"4023 Line 80 RR, Listowel, ON N4W 3G9, Canada"
ChIJVbTF41ipKk0RXr6I_uWsPnY,National Nutrition,"5 Progress Dr, Orillia, ON L3V 0T7, Canada",Mooretown,Zone 3 — Sarnia / Lambton County,hub_address_search,"45 Dr, Orillia, ON L3V 0T7, Canada"
ChIJKV5YGlypKk0RfgPWCnHbde4,"Orillia Dodge – Chrysler, Dodge, Jeep, Ram Dealer","450 Memorial Ave, Orillia, ON L3V 0T7, Canada",Mooretown,Zone 3 — Sarnia / Lambton County,hub_address_search,"45 Dr, Orillia, ON L3V 0T7, Canada"
ChIJzQFdI1mpKk0ROtfWbV5kDxc,Krown Rust Control,"4 Progress Dr, Orillia, ON L3V 0T7, Canada",Mooretown,Zone 3 — Sarnia / Lambton County,hub_address_search,"45 Dr, Orillia, ON L3V 0T7, Canada"
ChIJ4VwdLeipKk0Rc1tmhX_2n-Q,Orillia Dodge Chrysler Inc.,"440 Memorial Ave, Orillia, ON L3V 6V7, Canada",Mooretown,Zone 3 — Sarnia / Lambton County,hub_address_search,"45 Dr, Orillia, ON L3V 0T7, Canada"
ChIJxSHBmOOrKk0RxlGMYf9df2o,Orillia Soldiers' Memorial Hospital,"170 Colborne St W, Orillia, ON L3V 3B5, Canada",Mooretown,Zone 3 — Sarnia / Lambton County,hub_address_search,"45 Dr, Orillia, ON L3V 0T7, Canada"
ChIJWWcm5a2uKk0RVA9Pou-Izsg,Lote Tree Apparel,"45 Esther Anne Dr, Orillia, ON L3V 3G8, Canada",Mooretown,Zone 3 — Sarnia / Lambton County,hub_address_search,"45 Dr, Orillia, ON L3V 0T7, Canada"
ChIJf4zHTlupKk0RS3KDvcJrlWw,Pennzoil Oil Change Centre (Orillia),"324 Memorial Ave, Orillia, ON L3V 5X6, Canada",Mooretown,Zone 3 — Sarnia / Lambton County,hub_address_search,"45 Dr, Orillia, ON L3V 0T7, Canada"
ChIJj9ua8MuuKk0RnSyrk_BjSoQ,Quality Inn & Conference Centre,"201 Woodside Dr, Orillia, ON L3V 6T4, Canada",Mooretown,Zone 3 — Sarnia / Lambton County,hub_address_search,"45 Dr, Orillia, ON L3V 0T7, Canada"
ChIJL6tSZwLYLYgRVKb2i77C-O8,46B Shakespeare St,"46B Shakespeare St, Bayham, ON N0J 1T0, Canada",Bayham,Zone 4 — London / Middlesex,hub_address_search,"46B Shakespeare St, ON N0J 1T0, Canada"
ChIJc_A3ABv1K4gRS06FxhiLiWQ,RONA+ Kitchener,"730 Ottawa Street S, Kitchener, ON N2E 1B6, Canada",Kitchener,Zone 6 — Kitchener / Waterloo / Cambridge / Guelph,hub_address_search,"50 Pl, Kitchener, ON N2E 2C3, Canada"
ChIJf2zZDhj1K4gR_NeTzal0MOo,The Food Bank of Waterloo Region,"50 Alpine Ct, Kitchener, ON N2E 2M7, Canada",Kitchener,Zone 6 — Kitchener / Waterloo / Cambridge / Guelph,hub_address_search,"50 Pl, Kitchener, ON N2E 2C3, Canada"
ChIJH3R5AEP1K4gR_wBLoPf759U,Win-Leader Corporation,"50 Shoemaker St, Kitchener, ON N2E 3E2, Canada",Kitchener,Zone 6 — Kitchener / Waterloo / Cambridge / Guelph,hub_address_search,"50 Pl, Kitchener, ON N2E 2C3, Canada"
ChIJDbrJc_X0K4gRoz16ZUr7eNI,Google Kitchener - BRT2,"51 Breithaupt St, Kitchener, ON N2H 5G5, Canada",Kitchener,Zone 6 — Kitchener / Waterloo / Cambridge / Guelph,hub_address_search,"50 Pl, Kitchener, ON N2E 2C3, Canada"
ChIJ3TwuNXz1K4gRJO_9TeqOV64,Google Kitchener - BRT1,"25 Breithaupt St, Kitchener, ON N2H 5G5, Canada",Kitchener,Zone 6 — Kitchener / Waterloo / Cambridge / Guelph,hub_address_search,"50 Pl, Kitchener, ON N2E 2C3, Canada"
ChIJW_Ydp_X0K4gRIenxHCwn9-Q,Belmont Centre for Physical Medicine,"564 Belmont Ave W Ste 301, Kitchener, ON N2M 5N6, Canada",Kitchener,Zone 6 — Kitchener / Waterloo / Cambridge / Guelph,hub_address_search,"50 Pl, Kitchener, ON N2E 2C3, Canada"
ChIJP4d92PD0K4gRRaHzJWE1cIw,Polocorp,"379 Queen Street, Kitchener, ON N2T 1W6, Canada",Kitchener,Zone 6 — Kitchener / Waterloo / Cambridge / Guelph,hub_address_search,"50 Pl, Kitchener, ON N2E 2C3, Canada"
ChIJE9r086X0K4gRr-7UlJ0UyoI,Cushman & Wakefield Waterloo Region Ltd. | Commercial Real Estate | Kitchener Guelph Cambridge,"401, 4295 King St E, Kitchener, ON N2P 0C6, Canada",Kitchener,Zone 6 — Kitchener / Waterloo / Cambridge / Guelph,hub_address_search,"50 Pl, Kitchener, ON N2E 2C3, Canada"
ChIJMRuPsPL0K4gR5UVye3DfunA,Better Business Bureau serving Central Ontario,"151 Frederick St #201, Kitchener, ON N2H 2M2, Canada",Kitchener,Zone 6 — Kitchener / Waterloo / Cambridge / Guelph,hub_address_search,"50 Pl, Kitchener, ON N2E 2C3, Canada"
ChIJ-5bOAjr9LogRTs-ZGIbl7Sw,Animal Care Centre-Lobo,"5592 Egremont Dr, Ilderton, ON N0M 2A0, Canada",Ilderton,Zone 4 — London / Middlesex,hub_address_search,"5703 Egremont Dr RR, Ilderton, ON N0M 2A0, Canada"
ChIJBWNtYQCLK4gRWw1qmz1i5fY,CanMed Endoscopy,"148 Manitou Dr #102, Kitchener, ON N2C 1L3, Canada",Kitchener,Zone 6 — Kitchener / Waterloo / Cambridge / Guelph,hub_address_search,"60 Pl, Kitchener, ON N2E 2C3, Canada"
ChIJW34YXGT1K4gRlczDXxBx2ZU,Kaycan,"668 Trillium Dr, Kitchener, ON N2R 1J3, Canada",Kitchener,Zone 6 — Kitchener / Waterloo / Cambridge / Guelph,hub_address_search,"60 Pl, Kitchener, ON N2E 2C3, Canada"
ChIJq1cJtin1K4gRQ3zbzycQb_4,Europro Kitchener-Waterloo,"40 Weber St E Suite 70, Kitchener, ON N2H 6R3, Canada",Kitchener,Zone 6 — Kitchener / Waterloo / Cambridge / Guelph,hub_address_search,"60 Pl, Kitchener, ON N2E 2C3, Canada"
ChIJDRWL0uz0K4gRWSUleMXYLvw,Europro Parking,"127 Frederick St, Kitchener, ON N2H 6R2, Canada",Kitchener,Zone 6 — Kitchener / Waterloo / Cambridge / Guelph,hub_address_search,"60 Pl, Kitchener, ON N2E 2C3, Canada"
ChIJpZiTXNeKK4gRnUA-8E6quLc,Hellenic Place,"560 Greenfield Ave C7, Kitchener, ON N2C 2M2, Canada",Kitchener,Zone 6 — Kitchener / Waterloo / Cambridge / Guelph,hub_address_search,"60 Pl, Kitchener, ON N2E 2C3, Canada"
ChIJ5Vq7g9eKK4gR6G79rVj4USo,Hellenic Community,"560 Greenfield Ave, Kitchener, ON N2C 2M2, Canada",Kitchener,Zone 6 — Kitchener / Waterloo / Cambridge / Guelph,hub_address_search,"60 Pl, Kitchener, ON N2E 2C3, Canada"
ChIJb2JR20OKK4gRW6_eMpCANQc,Tri-City Colonoscopy Clinic,"50 Sportsworld Crossing Road Suite 200, Kitchener, ON N2P 0A4, Canada",Kitchener,Zone 6 — Kitchener / Waterloo / Cambridge / Guelph,hub_address_search,"60 Pl, Kitchener, ON N2E 2C3, Canada"
ChIJuU_H1uz0K4gR95pZXIBdVQg,The Galleria,"13 Spetz St, Kitchener, ON N2H 1K1, Canada",Kitchener,Zone 6 — Kitchener / Waterloo / Cambridge / Guelph,hub_address_search,"60 Pl, Kitchener, ON N2E 2C3, Canada"
ChIJN_AXwJL0K4gRulHSqTeV6yY,Greater Kitchener Waterloo Chamber of Commerce,"80 Queen St N, Kitchener, ON N2H 2H1, Canada",Kitchener,Zone 6 — Kitchener / Waterloo / Cambridge / Guelph,hub_address_search,"60 Pl, Kitchener, ON N2E 2C3, Canada"
ChIJPW3OBfL0K4gRPzx-_OhSJl8,Benton Medical Clinic,"51 Benton St, Kitchener, ON N2G 3H1, Canada",Kitchener,Zone 6 — Kitchener / Waterloo / Cambridge / Guelph,hub_address_search,"60 Pl, Kitchener, ON N2E 2C3, Canada"
ChIJydtJ0rfHOogR-Xk2N3FBF1s,Orangeline Farms Limited,"627 Essex Rd 14, Leamington, ON N8H 3V8, Canada",Leamington,Zone 1 — Windsor / Essex County,hub_address_search,"627 Rd. 14, R.R. , Leamington, ON N8H 3V8, Canada"
ChIJAQAAADTBOogR9NbDu4qVrxM,Adamson Farms,"312 Mersea Road 5, Leamington, ON N8H 3V5, Canada",Leamington,Zone 1 — Windsor / Essex County,hub_address_search,"627 Rd. 14, R.R. , Leamington, ON N8H 3V8, Canada"
ChIJEVXwMADBOogRT12QC2Pa1Jk,Leamington Farm Fresh,"332 Talbot Rd E, Leamington, ON N8H 3V6, Canada",Leamington,Zone 1 — Windsor / Essex County,hub_address_search,"627 Rd. 14, R.R. , Leamington, ON N8H 3V8, Canada"
ChIJjcq0oRnHOogRbmG1oLG08uo,Rtm Farms Ltd,"617 ON-77, Leamington, ON N8H 3V8, Canada",Leamington,Zone 1 — Windsor / Essex County,hub_address_search,"627 Rd. 14, R.R. , Leamington, ON N8H 3V8, Canada"
ChIJOyw4DuaRK4gRl3Yq6VGSlZI,miEducation Training and Resource Centre,"650 Woodlawn Rd W Units 13-14, Guelph, ON N1K 1B8, Canada",Guelph,Zone 6 — Kitchener / Waterloo / Cambridge / Guelph,hub_address_search,"650 Woodlawn Rd W 13 and 14, Guelph, ON N1K 1B8, Canada"
ChIJ5cxDviORK4gR7MWWAbfsVm0,Pathways Educational Services Inc.,"650 Woodlawn Rd W #5A, Guelph, ON N1K 1B8, Canada",Guelph,Zone 6 — Kitchener / Waterloo / Cambridge / Guelph,hub_address_search,"650 Woodlawn Rd W 13 and 14, Guelph, ON N1K 1B8, Canada"
ChIJj02T0AebK4gRh4vlNRW6REc,East Meets West Health,"650 Woodlawn Rd W unit B13, Guelph, ON N1K 1B8, Canada",Guelph,Zone 6 — Kitchener / Waterloo / Cambridge / Guelph,hub_address_search,"650 Woodlawn Rd W 13 and 14, Guelph, ON N1K 1B8, Canada"
ChIJKa0ALTCRK4gRSDy4fPR8IkA,miVetSource,"650 Woodlawn Rd W Unit 13-14, Guelph, ON N1K 1B8, Canada",Guelph,Zone 6 — Kitchener / Waterloo / Cambridge / Guelph,hub_address_search,"650 Woodlawn Rd W 13 and 14, Guelph, ON N1K 1B8, Canada"
ChIJvbsvR3qQK4gR40p46MFLqA4,BrokerLink,"86 Woodlawn Rd W, Guelph, ON N1H 1B2, Canada",Guelph,Zone 6 — Kitchener / Waterloo / Cambridge / Guelph,hub_address_search,"650 Woodlawn Rd W 13 and 14, Guelph, ON N1K 1B8, Canada"
ChIJERhJJH-QK4gRPdlp-4LU0PI,Michaels,"Smart Centres, 15 Woodlawn Rd W Unit 101, Guelph, ON N1H 1G8, Canada",Guelph,Zone 6 — Kitchener / Waterloo / Cambridge / Guelph,hub_address_search,"650 Woodlawn Rd W 13 and 14, Guelph, ON N1K 1B8, Canada"
ChIJQe1cI3-QK4gRjuSdt42kM4I,Guelph Dental Care,"5 Woodlawn Rd W #104, Guelph, ON N1H 1G8, Canada",Guelph,Zone 6 — Kitchener / Waterloo / Cambridge / Guelph,hub_address_search,"650 Woodlawn Rd W 13 and 14, Guelph, ON N1K 1B8, Canada"
ChIJAXVkzNKEK4gR0kTwKPI3_D8,Popeyes Louisiana Kitchen,"35 Harvard Rd Unit 14, Guelph, ON N1G 3A2, Canada",Guelph,Zone 6 — Kitchener / Waterloo / Cambridge / Guelph,hub_address_search,"650 Woodlawn Rd W 13 and 14, Guelph, ON N1K 1B8, Canada"
ChIJ65FLfXmQK4gROXnhP3IXRFw,The Home Depot,"63 Woodlawn Rd W, Guelph, ON N1H 1G8, Canada",Guelph,Zone 6 — Kitchener / Waterloo / Cambridge / Guelph,hub_address_search,"650 Woodlawn Rd W 13 and 14, Guelph, ON N1K 1B8, Canada"
ChIJk90-N2-aK4gRKGImz1XoMPE,Woodlawn Pharmacy,"472 Woodlawn Rd E, Guelph, ON N1E 1B9, Canada",Guelph,Zone 6 — Kitchener / Waterloo / Cambridge / Guelph,hub_address_search,"650 Woodlawn Rd W 13 and 14, Guelph, ON N1K 1B8, Canada"
ChIJY-kenDebK4gR8SgxrF4nyWc,Silverlinings Medical Centres,"472 Woodlawn Rd E, Guelph, ON N1E 1B9, Canada",Guelph,Zone 6 — Kitchener / Waterloo / Cambridge / Guelph,hub_address_search,"650 Woodlawn Rd W 13 and 14, Guelph, ON N1K 1B8, Canada"
ChIJ3VGi1aCRK4gRtc25jI3H1uI,Tool Rental at The Home Depot,"63 Woodlawn Rd W, Guelph, ON N1H 1G8, Canada",Guelph,Zone 6 — Kitchener / Waterloo / Cambridge / Guelph,hub_address_search,"650 Woodlawn Rd W 13 and 14, Guelph, ON N1K 1B8, Canada"
ChIJvxQm1e2bK4gROnF3X6rAUig,Woodlawn Orthodontics,"9 Woodlawn Rd E #301, Guelph, ON N1H 0C1, Canada",Guelph,Zone 6 — Kitchener / Waterloo / Cambridge / Guelph,hub_address_search,"650 Woodlawn Rd W 13 and 14, Guelph, ON N1K 1B8, Canada"
ChIJB4-sOW-aK4gRpNoCQPG5tlY,Woodlawn Dental Care,"470 Woodlawn Rd E Unit 1A, Guelph, ON N1E 1B9, Canada",Guelph,Zone 6 — Kitchener / Waterloo / Cambridge / Guelph,hub_address_search,"650 Woodlawn Rd W 13 and 14, Guelph, ON N1K 1B8, Canada"
ChIJtSIqquWbK4gRw_TIW4kqWvw,Woodlawn Kids Dental,"9 Woodlawn Rd E Suite 401, Guelph, ON N1H 0C1, Canada",Guelph,Zone 6 — Kitchener / Waterloo / Cambridge / Guelph,hub_address_search,"650 Woodlawn Rd W 13 and 14, Guelph, ON N1K 1B8, Canada"
ChIJudUQtXSQK4gRKZoRLmX2uFk,"Royal LePage Royal City Realty, Real Estate Brokerage","30 Edinburgh Rd N, Guelph, ON N1H 7J1, Canada",Guelph,Zone 6 — Kitchener / Waterloo / Cambridge / Guelph,hub_address_search,"650 Woodlawn Rd W 13 and 14, Guelph, ON N1K 1B8, Canada"
ChIJmeRVx9KEK4gRBJ4w50jwBd8,McFarlan Rowlands Insurance Brokers,"34 Harvard Rd #1, Guelph, ON N1G 4V8, Canada",Guelph,Zone 6 — Kitchener / Waterloo / Cambridge / Guelph,hub_address_search,"650 Woodlawn Rd W 13 and 14, Guelph, ON N1K 1B8, Canada"
ChIJ06mKfI1VJYgRPkP0YsLlfGU,Dover Centre,"Dover Centre, ON N0P 1L0, Canada",Mitchell's Bay,Zone 2 — Chatham-Kent,hub_address_search,"7482 , Dover Centre, ON N0P 1L0, Canada"
ChIJeUib5wDdK4gRJywmvdmip8M,Family Time Pizza,"89 Wellington St S, Drayton, ON N0G 1P0, Canada",Drayton,Zone 6 — Kitchener / Waterloo / Cambridge / Guelph,hub_address_search,"7665 Wellington St S , Drayton, ON N0G 1P0, Canada"
ChIJKeR6vhndK4gRaU42xUc-OKY,LCBO,"90 Wellington St S, Drayton, ON N0G 1P0, Canada",Drayton,Zone 6 — Kitchener / Waterloo / Cambridge / Guelph,hub_address_search,"7665 Wellington St S , Drayton, ON N0G 1P0, Canada"
ChIJnWVlOvzcK4gRM6eSCQEfP2U,Drayton Chop House,"41 Wellington St N, Drayton, ON N0G 1P0, Canada",Drayton,Zone 6 — Kitchener / Waterloo / Cambridge / Guelph,hub_address_search,"7665 Wellington St S , Drayton, ON N0G 1P0, Canada"
EilXZWxsaW5ndG9uIDgsIERyYXl0b24sIE9OIE4wRyAxUDAsIENhbmFkYSIuKiwKFAoSCVN8Z1b93CuIEflgLmm9dpFtEhQKEgmfnUKwFt0riBF91ouuj_n1Eg,Wellington 8,"Wellington 8, Drayton, ON N0G 1P0, Canada",Drayton,Zone 6 — Kitchener / Waterloo / Cambridge / Guelph,hub_address_search,"8 Wellington Rd , Drayton, ON N0G 1P0, Canada"
ChIJo0Hv6j9eLogR0ZaVWotxGxw,Parking lot,"Parking lot, 800 Talbot St, St Thomas, ON N5P 1E2, Canada",St. Thomas,Zone 4 — London / Middlesex,hub_address_search,"800 Talbot St , St Thomas, ON N5P 1E2, Canada"
ChIJh8HYQ0q_K4gR5Ral4PSrqfA,WrightHaven Homes | Custom Home Builder,"925 Gartshore St #1, Fergus, ON N1M 3V9, Canada",Fergus,Zone 6 — Kitchener / Waterloo / Cambridge / Guelph,hub_address_search,"820 Gartshore St 1 and 3, Fergus, ON N1M 2W8, Canada"
ChIJq-GfCmC4LogRA-91v5NwzF8,Foodland - St.Marys,"84 Wellington St S, St. Marys, ON N4X 1C3, Canada",St. Marys,Zone 4 — London / Middlesex,hub_address_search,"84 Wellington Street South 1 & 2, 84 Wellington St S & 2, St. Marys, ON N4X 1C3, Canada"
ChIJGxF-8WC4LogR6iPgBBonbow,Quadro Communications Co-operative Inc.,"84 Wellington St S Unit B, St. Marys, ON N4X 0A6, Canada",St. Marys,Zone 4 — London / Middlesex,hub_address_search,"84 Wellington Street South 1 & 2, 84 Wellington St S & 2, St. Marys, ON N4X 1C3, Canada"
ChIJlyymIt-5LogRuoq6DOq5Sm0,New Orleans Pizza,"84 Wellington St S, St. Marys, ON N4X 0A6, Canada",St. Marys,Zone 4 — London / Middlesex,hub_address_search,"84 Wellington Street South 1 & 2, 84 Wellington St S & 2, St. Marys, ON N4X 1C3, Canada"
ChIJ97H3owAyK4gRmSoqzRyzIp4,Office Products Ctr,"880 Steeprock Dr, North York, ON M3J 2X2, Canada",Camlachie,Zone 3 — Sarnia / Lambton County,hub_address_search,"880 Dr, North York, ON M3J 2X2, Canada"
ChIJ97H3owAyK4gRk8MfxR7mmng,Quick Box,"880 Steeprock Dr, North York, ON M3J 2X2, Canada",Camlachie,Zone 3 — Sarnia / Lambton County,hub_address_search,"880 Dr, North York, ON M3J 2X2, Canada"
ChIJz-Bhyow9K4gR5nZ28HdxvzM,AL Group Construction Inc,"840 Steeprock Dr, North York, ON M3J 2X2, Canada",Camlachie,Zone 3 — Sarnia / Lambton County,hub_address_search,"880 Dr, North York, ON M3J 2X2, Canada"
ChIJeV-XGFqqL00RD-0UyXdSi3I,Unit B,"Unit B, 887 Notre Dame Ave, Greater Sudbury, ON P3A 2T2, Canada",LaSalle,Zone 1 — Windsor / Essex County,hub_address_search,"887 Notre Dame Ave , Greater Sudbury, ON P3A 2T2, Canada"
ChIJLZ41xGKEK4gR2XsmSVjmzxY,945B Southgate Dr,"945B Southgate Dr, Guelph, ON N1L 0B9, Canada",Amherstburg,Zone 1 — Windsor / Essex County,hub_address_search,"945B Southgate Dr , Guelph, ON N1L 0B9, Canada"
ChIJh-y_OGrW1IkR7MCEqzGWAlo,Dollarama,"Crossings Plaza, 1555 Talbot Rd, Windsor, ON N9H 2N2, Canada",LaSalle,Zone 1 — Windsor / Essex County,hub_address_search,"Across from Dollarama, 1555 Talbot Rd , Windsor, ON N9H 2N2, Canada"
ChIJGwZK4dl3JYgRulaA-Dd6iWI,Kniaziew Optometry,"197 Hill St Unit A, Corunna, ON N0N 1G0, Canada",Corunna,Zone 3 — Sarnia / Lambton County,hub_address_search,"D, 197 Hill St D, E & F, Corunna, ON N0N 1G0, Canada"
EipHcmlmZml0aCBSZCwgU3RyYXRmb3JkLCBPTiBONFogMEE2LCBDYW5hZGEiLiosChQKEgnrtQpmBK4uiBFXqP1lqVfJqhIUChIJiYnfYfKxLogRVZkGScBjLls,Griffith Road,"Griffith Rd, Stratford, ON N4Z 0A6, Canada",Stratford,Zone 6 — Kitchener / Waterloo / Cambridge / Guelph,hub_address_search,"Griffith Rd , Stratford, ON N4Z 0A6, Canada"
ChIJO_C5-V-w1YkRbPxtDQBo99A,ONroute Port Hope,"845 ON-401, Port Hope, ON L1A 3W3, Canada",Dutton-Dunwich,Zone 4 — London / Middlesex,hub_address_search,"Highway 401 East, Between Exit 137 And, Dutton, ON N0L 1J0, Canada"
ChIJYfuOEnkUzUwRDT-oMxNvpgM,ONroute Mallorytown North,"678 ON-401 Westbound, Mallorytown, ON K0E 1R0, Canada",Dutton-Dunwich,Zone 4 — London / Middlesex,hub_address_search,"Highway 401 East, Between Exit 137 And, Dutton, ON N0L 1J0, Canada"
ChIJrcwLP5QTzUwRQgmWaffdKSE,ONroute Mallorytown South,"680 ON-401, Mallorytown, ON K0E 1R0, Canada",Dutton-Dunwich,Zone 4 — London / Middlesex,hub_address_search,"Highway 401 East, Between Exit 137 And, Dutton, ON N0L 1J0, Canada"
ChIJ2WJTmp4VK4gRN5JCB8q-pAI,Puri Heritage | Dashcam | Wraps | PPF | Tint | Stickers | Custom Accessories,"75 Rosedale Ave W #4, Brampton, ON L6X 1K4, Canada",Grand Bend,Zone 3 — Sarnia / Lambton County,hub_address_search,"Inside Puri Heritage, 75 Rosedale Ave W , Brampton, ON L6X 1K1, Canada"
ChIJISiP0Y65LogRu0NBwGNnWqw,Line 13,"Line 13, Perth South, ON N4X 1C5, Canada",St. Marys,Zone 4 — London / Middlesex,hub_address_search,"Line 13 , St. Marys, ON N4X 1C5, Canada"
Ei1Ob3J0aGZpZWxkIERyIEUsIFdhdGVybG9vLCBPTiBOMksgM1Q2LCBDYW5hZGEiLiosChQKEgmJMbAGue0riBGKHYFGfiBiNBIUChIJC_qSVs_zK4gRy2OleJGcN8I,Northfield Drive East,"Northfield Dr E, Waterloo, ON N2K 3T6, Canada",Woolwich,Zone 6 — Kitchener / Waterloo / Cambridge / Guelph,hub_address_search,"Northfield Dr E , Waterloo, ON N2K 3T6, Canada"
ChIJ1RZ0bl1fLogRTQK9g1tae4I,St Thomas Elevated Park Parking Lot,"18 Centre St, St Thomas, ON N5R 2Z2, Canada",Cottam,Zone 1 — Windsor / Essex County,hub_address_search,"Parking lot, 800 Talbot St , St Thomas, ON N5P 1E2, Canada"
ChIJ8S2brj9eLogRUKimRcuLPo8,City of St. Thomas,"545 Talbot St, St Thomas, ON N5P 3V7, Canada",Cottam,Zone 1 — Windsor / Essex County,hub_address_search,"Parking lot, 800 Talbot St , St Thomas, ON N5P 1E2, Canada"
ChIJE8a4tj1eLogRen2HIDH2SG0,FreshCo Talbot & First,"1010 Talbot St Unit #1, St Thomas, ON N5P 1E2, Canada",Cottam,Zone 1 — Windsor / Essex County,hub_address_search,"Parking lot, 800 Talbot St , St Thomas, ON N5P 1E2, Canada"
ChIJD4F4qT1eLogRtdS9yMuh1Jw,St. Thomas Service Canada Centre,"1010 Talbot St, St Thomas, ON N5P 4N2, Canada",Cottam,Zone 1 — Windsor / Essex County,hub_address_search,"Parking lot, 800 Talbot St , St Thomas, ON N5P 1E2, Canada"
ChIJF5HzgEBeLogRbGjLFsVUhLQ,Horton Farmers' Market,"10 Manitoba St, St Thomas, ON N5P 3A2, Canada",Cottam,Zone 1 — Windsor / Essex County,hub_address_search,"Parking lot, 800 Talbot St , St Thomas, ON N5P 1E2, Canada"
ChIJI9y4XWpfLogR3iSmm6FsfiQ,UPS Access Point location,"808 Talbot St, St Thomas, ON N5P 1E2, Canada",Cottam,Zone 1 — Windsor / Essex County,hub_address_search,"Parking lot, 800 Talbot St , St Thomas, ON N5P 1E2, Canada"
ChIJQ_Puij1eLogRuW6X3l0Om9E,Joe Thornton Community Centre,"75 Caso Xing, St Thomas, ON N5P 3V7, Canada",Cottam,Zone 1 — Windsor / Essex County,hub_address_search,"Parking lot, 800 Talbot St , St Thomas, ON N5P 1E2, Canada"
ChIJtTAz4hlfLogRdp01ymCodFg,The Atrium,"581 Talbot St, St Thomas, ON N5P 1C5, Canada",Cottam,Zone 1 — Windsor / Essex County,hub_address_search,"Parking lot, 800 Talbot St , St Thomas, ON N5P 1E2, Canada"
ChIJE8a4tj1eLogRv86kasb3TKk,LCBO,"1010 Talbot St #30, St Thomas, ON N5P 4N2, Canada",Cottam,Zone 1 — Windsor / Essex County,hub_address_search,"Parking lot, 800 Talbot St , St Thomas, ON N5P 1E2, Canada"
EiZSb2FkIDE0MCwgUGVydGggQ291bnR5LCBPTiBOMEcsIENhbmFkYSIuKiwKFAoSCd8E9cvWTSmIERmUzoWgap_gEhQKEgk1nhENsXYpiBFnlrHSSZkFJA,Road 140,"Road 140, Perth County, ON N0G, Canada",Mapleton,Zone 6 — Kitchener / Waterloo / Cambridge / Guelph,hub_address_search,"RR Perth Rd. 140 , Palmerston, ON N0G 2P0, Canada"
EilXb29kbGF3biBSZCBXLCBHdWVscGgsIE9OIE4xSCA3SzMsIENhbmFkYSIuKiwKFAoSCaEi0ss_kCuIEcfuIcuHYSQeEhQKEgmfmKt0PJAriBH-YA-DNDKDQA,Woodlawn Road West,"Woodlawn Rd W, Guelph, ON N1H 7K3, Canada",Guelph,Zone 6 — Kitchener / Waterloo / Cambridge / Guelph,hub_address_search,"Woodlawn Rd W , Guelph, ON N1H 7K3, Canada"
ChIJf8wpdfeDJYgRnjo2WjQyj0E,The Butcher Shop- Jiu Jitsu & Kickboxing,"110 East Street S unit 7, Sarnia, ON N7T 3R1, Canada",St. Joachim,Zone 1 — Windsor / Essex County,hub_address_search,"off Kathleen St, 110 East Street S , Sarnia, ON N7T 3R1, Canada"
ChIJJxmrhjKDJYgREXYYIosO7kM,South East Cafe,"110 East Street N #3, Sarnia, ON N7T 1R3, Canada",St. Joachim,Zone 1 — Windsor / Essex County,hub_address_search,"off Kathleen St, 110 East Street S , Sarnia, ON N7T 3R1, Canada"
ChIJrXWFWheDJYgRa65GfWvDobc,Bluewater Church - Wellington Campus,"1256 Wellington St, Sarnia, ON N7S 5R5, Canada",St. Joachim,Zone 1 — Windsor / Essex County,hub_address_search,"off Kathleen St, 110 East Street S , Sarnia, ON N7T 3R1, Canada"
ChIJY5kdBN2cJYgRZ-aVkIZXuk8,Bluewater CPA Professional Corporation,"137 Wellington St, Sarnia, ON N7T 1G4, Canada",St. Joachim,Zone 1 — Windsor / Essex County,hub_address_search,"off Kathleen St, 110 East Street S , Sarnia, ON N7T 3R1, Canada"
ChIJ1VGCZS2DJYgRGniWI16a93w,Selina's Thai,"580 Murphy Rd, Sarnia, ON N7S 5V4, Canada",St. Joachim,Zone 1 — Windsor / Essex County,hub_address_search,"off Kathleen St, 110 East Street S , Sarnia, ON N7T 3R1, Canada"
ChIJfdl8UaacJYgRfSDZ4AjcNI8,Bluewater Towing,"115 Kendall St, Sarnia, ON N7V 4G6, Canada",St. Joachim,Zone 1 — Windsor / Essex County,hub_address_search,"off Kathleen St, 110 East Street S , Sarnia, ON N7T 3R1, Canada"
ChIJVxQhZcecJYgRvC8uqMMalYg,Waggs Steak & Seafood Restaurant,"420 Christina St N, Sarnia, ON N7T 5W1, Canada",St. Joachim,Zone 1 — Windsor / Essex County,hub_address_search,"off Kathleen St, 110 East Street S , Sarnia, ON N7T 3R1, Canada"
ChIJAQflFjf5LogR6ftm6_FahQw,Safe Home Fireplace,"375 Vidal St S, Sarnia, ON N7T 2S2, Canada",St. Joachim,Zone 1 — Windsor / Essex County,hub_address_search,"off Kathleen St, 110 East Street S , Sarnia, ON N7T 3R1, Canada"
ChIJKwJ5tcacJYgRKyAHh61pjH8,Bluewater Installations Ltd,"840 Phillip St E, Sarnia, ON N7T 1Z6, Canada",St. Joachim,Zone 1 — Windsor / Essex County,hub_address_search,"off Kathleen St, 110 East Street S , Sarnia, ON N7T 3R1, Canada"
ChIJIaV1mSmDJYgRaj3EXFKIUFw,BELFOR Property Restoration,"1702 London Line, Sarnia, ON N7T 7H2, Canada",St. Joachim,Zone 1 — Windsor / Essex County,hub_address_search,"off Kathleen St, 110 East Street S , Sarnia, ON N7T 3R1, Canada"
ChIJrSzD55edJYgRmyzb-VeVSPA,Oven 360 Sarnia,"505 Christina St N, Sarnia, ON N7T 5W3, Canada",St. Joachim,Zone 1 — Windsor / Essex County,hub_address_search,"off Kathleen St, 110 East Street S , Sarnia, ON N7T 3R1, Canada"
ChIJ6anKSSeDJYgRn2s97VNRpx8,Sal's Family Restaurant,"996 Confederation St, Sarnia, ON N7S 1H3, Canada",St. Joachim,Zone 1 — Windsor / Essex County,hub_address_search,"off Kathleen St, 110 East Street S , Sarnia, ON N7T 3R1, Canada"
