num,tier,zone,city,company,address,industry
2941,Tier 2 — Regional Manufacturer,Zone 6 — Kitchener / Waterloo / Cambridge / Guelph,Listowel,Horst Welding - Plant 1,"8082 Road 129, Listowel, ON N4W 3G8, Canada",manufacturing company
2942,Tier 2 — Regional Manufacturer,Zone 6 — Kitchener / Waterloo / Cambridge / Guelph,Listowel,Horst Welding Plant 2,"5716 Line 84, Listowel, ON N4W 0B2, Canada",manufacturing company
2943,Tier 2 — Regional Manufacturer,Zone 6 — Kitchener / Waterloo / Cambridge / Guelph,Listowel,Hutchison's Welding,"8360 Fairlane Rd, Listowel, ON N4W 3G6, Canada",metal fabrication
2944,Tier 2 — Regional Manufacturer,Zone 6 — Kitchener / Waterloo / Cambridge / Guelph,Listowel,Listowel Automotive Specialized Services - Jed,"885 Main St W, Listowel, ON N4W 3L2, Canada",automotive parts manufacturer
2945,Tier 2 — Regional Manufacturer,Zone 6 — Kitchener / Waterloo / Cambridge / Guelph,Listowel,Listowel Banner,"185 Wallace Ave N, Listowel, ON N4W 1K8, Canada",OEM manufacturer
2946,Tier 2 — Regional Manufacturer,Zone 6 — Kitchener / Waterloo / Cambridge / Guelph,Listowel,Meulensteen Tire & Auto,"220 Mitchell Rd S, Listowel, ON N4W 2B4, Canada",automotive parts manufacturer
2947,Tier 2 — Regional Manufacturer,Zone 6 — Kitchener / Waterloo / Cambridge / Guelph,Listowel,Motion Auto Parts,"8382 Fairlane Rd, Listowel, ON N4W 3G6, Canada",automotive parts manufacturer
2948,Tier 2 — Regional Manufacturer,Zone 6 — Kitchener / Waterloo / Cambridge / Guelph,Listowel,Spinrite Distribution Centre,"1700 Bassett Ave, Listowel, ON N4W 0B1, Canada",manufacturer
2949,Tier 2 — Regional Manufacturer,Zone 6 — Kitchener / Waterloo / Cambridge / Guelph,Listowel,Stop 23 Auto Sales Ltd,"910 Wallace Ave N, Listowel, ON N4W 1M5, Canada",automotive parts manufacturer
2950,Tier 2 — Regional Manufacturer,Zone 6 — Kitchener / Waterloo / Cambridge / Guelph,Listowel,Weberlane Head Office,"1150 Wallace Ave N, Listowel, ON N4W 1M6, Canada",manufacturing company
2951,Tier 2 — Regional Manufacturer,Zone 6 — Kitchener / Waterloo / Cambridge / Guelph,Listowel,Weberlane Manufacturing Plant #2,"795 Rocher Rd, Listowel, ON N4W 0E4, Canada",manufacturer
2952,Tier 2 — Regional Manufacturer,Zone 6 — Kitchener / Waterloo / Cambridge / Guelph,Listowel,Weberlane Manufacturing Plant #4,"720 Rocher Rd E, Listowel, ON N4W 0B2, Canada",manufacturing company
2953,Tier 2 — Regional Manufacturer,Zone 6 — Kitchener / Waterloo / Cambridge / Guelph,Listowel,West End Mfg #1,"8448 Road 152, Listowel, ON N4W 3G8, Canada",manufacturer
2954,Tier 2 — Regional Manufacturer,Zone 6 — Kitchener / Waterloo / Cambridge / Guelph,Listowel,Windy Pine Bulkfoods,"7837 Perth Rd 131, Listowel, ON N4W 3G9, Canada",food manufacturer
2955,Tier 2 — Regional Manufacturer,Zone 6 — Kitchener / Waterloo / Cambridge / Guelph,Mapleton,Arjune Engineering & Manufacturing Inc,"41 Drayton Industrial Dr, Drayton, ON N0G 1P0, Canada",manufacturer
2956,Tier 2 — Regional Manufacturer,Zone 6 — Kitchener / Waterloo / Cambridge / Guelph,Mapleton,Coonridge plastics,"8649 Concession Rd 3, Moorefield, ON N0G 2K0, Canada",plastics manufacturer
2957,Tier 2 — Regional Manufacturer,Zone 6 — Kitchener / Waterloo / Cambridge / Guelph,Mapleton,Country Poultry Processing INC,"7707 4 Line, Wallenstein, ON N0B 2S0, Canada",food manufacturer
2958,Tier 2 — Regional Manufacturer,Zone 6 — Kitchener / Waterloo / Cambridge / Guelph,Mapleton,Echo Valley Ranch,"7074 Side Rd 15, Moorefield, ON N0G 2K0, Canada",food manufacturer
2959,Tier 2 — Regional Manufacturer,Zone 6 — Kitchener / Waterloo / Cambridge / Guelph,Mapleton,Erie Meat Products LTD,"1400, Mitchell Rd S, Listowel, ON N4W 0L3, Canada",food manufacturer
2960,Tier 2 — Regional Manufacturer,Zone 6 — Kitchener / Waterloo / Cambridge / Guelph,Mapleton,J & J Millwrighting Inc,"8546 Concession Rd 3, Listowel, ON N4W 3G8, Canada",metal fabrication
2961,Tier 2 — Regional Manufacturer,Zone 6 — Kitchener / Waterloo / Cambridge / Guelph,Mapleton,Kruger Packaging L.P.,"10 Pedigree Ct, Brampton, ON L6T 5T8, Canada",packaging manufacturer
2962,Tier 2 — Regional Manufacturer,Zone 6 — Kitchener / Waterloo / Cambridge / Guelph,Mapleton,Listowel Technology Inc,"1700 Mitchell Rd S, Listowel, ON N4W 3H4, Canada",automotive parts manufacturer
2963,Tier 2 — Regional Manufacturer,Zone 6 — Kitchener / Waterloo / Cambridge / Guelph,Mapleton,Mapleton Acres,"7352 16 Line, Arthur, ON N0G 1A0, Canada",manufacturer
2964,Tier 2 — Regional Manufacturer,Zone 6 — Kitchener / Waterloo / Cambridge / Guelph,Mapleton,Mapleton Haulage,"54 Dales Dr, Drayton, ON N0G 1P0, Canada",manufacturer
2965,Tier 2 — Regional Manufacturer,Zone 6 — Kitchener / Waterloo / Cambridge / Guelph,Mapleton,Mapleton Holdings Inc,"Elora, ON N0B 1S0, Canada",packaging manufacturer
2966,Tier 2 — Regional Manufacturer,Zone 6 — Kitchener / Waterloo / Cambridge / Guelph,Mapleton,Mapleton Maple Syrup,"8190 Concession Rd 12, Moorefield, ON N0G 2K0, Canada",manufacturer
2967,Tier 2 — Regional Manufacturer,Zone 6 — Kitchener / Waterloo / Cambridge / Guelph,Mapleton,Martin's Metal Shop Inc,"7182 Line 86, Wallenstein, ON N0B 2S0, Canada",metal fabrication
2968,Tier 2 — Regional Manufacturer,Zone 6 — Kitchener / Waterloo / Cambridge / Guelph,Mapleton,Nb Tech Inc,"7669 Line 86, Wallenstein, ON N0B 2S0, Canada",metal fabrication
2969,Tier 2 — Regional Manufacturer,Zone 6 — Kitchener / Waterloo / Cambridge / Guelph,Mapleton,Pit King Ltd,"7481 Side Rd 17, Alma, ON N0B 1A0, Canada",manufacturer
2970,Tier 2 — Regional Manufacturer,Zone 6 — Kitchener / Waterloo / Cambridge / Guelph,Mapleton,Revolution Wool Company,"7489 4 Line, Wallenstein, ON N0B 2S0, Canada",manufacturer
2971,Tier 2 — Regional Manufacturer,Zone 6 — Kitchener / Waterloo / Cambridge / Guelph,Mapleton,Rocky Hill Poultry,"Q73C+6F, Mapleton, ON N0G 2K0, Canada",manufacturer
2972,Tier 2 — Regional Manufacturer,Zone 6 — Kitchener / Waterloo / Cambridge / Guelph,Mapleton,Ross Enterprises,"7672 Side Rd 12, Moorefield, ON N0G 2K0, Canada",food manufacturer
2973,Tier 2 — Regional Manufacturer,Zone 6 — Kitchener / Waterloo / Cambridge / Guelph,New Hamburg,/// CSN E&L New Hamburg,"374 Hamilton Rd, New Hamburg, ON N3A 2K2, Canada",automotive parts manufacturer
2974,Tier 2 — Regional Manufacturer,Zone 6 — Kitchener / Waterloo / Cambridge / Guelph,New Hamburg,Argo,"220 Bergey Ct, New Hamburg, ON N3A 2J5, Canada",manufacturer
2975,Tier 2 — Regional Manufacturer,Zone 6 — Kitchener / Waterloo / Cambridge / Guelph,New Hamburg,Bumper to Bumper - Auto Parts,"100 Bergey Ct, New Hamburg, ON N3A 2J5, Canada",automotive parts manufacturer
2976,Tier 2 — Regional Manufacturer,Zone 6 — Kitchener / Waterloo / Cambridge / Guelph,New Hamburg,Canadian Metal Roof Manufacturing Ltd,"367 Victoria St, New Hamburg, ON N3A 2K5, Canada",manufacturing company
2977,Tier 2 — Regional Manufacturer,Zone 6 — Kitchener / Waterloo / Cambridge / Guelph,New Hamburg,Cerwood & Family Ltd,"145 Arnold St, New Hamburg, ON N3A 2C6, Canada",OEM manufacturer
2978,Tier 2 — Regional Manufacturer,Zone 6 — Kitchener / Waterloo / Cambridge / Guelph,New Hamburg,Cressman Meat Limited,"562 Huron St, New Hamburg, ON N3A 1J9, Canada",food manufacturer
2979,Tier 2 — Regional Manufacturer,Zone 6 — Kitchener / Waterloo / Cambridge / Guelph,New Hamburg,Garlic King Garlic Spread,"179 Union St, New Hamburg, ON N3A 1R4, Canada",food manufacturer
2980,Tier 2 — Regional Manufacturer,Zone 6 — Kitchener / Waterloo / Cambridge / Guelph,New Hamburg,Lakehead Manufacturing Inc,"New Hamburg, ON N3A 3Y3, Canada",manufacturing company
2981,Tier 2 — Regional Manufacturer,Zone 6 — Kitchener / Waterloo / Cambridge / Guelph,New Hamburg,Maple Leaf Foods New Hamburg,"70 Heritage Dr, New Hamburg, ON N3A 2J4, Canada",manufacturer
2982,Tier 2 — Regional Manufacturer,Zone 6 — Kitchener / Waterloo / Cambridge / Guelph,New Hamburg,Oak Grove Cheese Factory Ltd,"29 Bleams Rd E, New Hamburg, ON N3A 1G6, Canada",manufacturer
2983,Tier 2 — Regional Manufacturer,Zone 6 — Kitchener / Waterloo / Cambridge / Guelph,New Hamburg,Peel Street Beverage Company,"68 Huron St, New Hamburg, ON N3A 1K1, Canada",food manufacturer
2984,Tier 2 — Regional Manufacturer,Zone 6 — Kitchener / Waterloo / Cambridge / Guelph,New Hamburg,Pfenning's Organic Vegetables Inc,"1209 Waterloo St, New Hamburg, ON N3A 1T1, Canada",food manufacturer
2985,Tier 2 — Regional Manufacturer,Zone 6 — Kitchener / Waterloo / Cambridge / Guelph,New Hamburg,Rigor Laser Manufacturing,"267 Victoria St, New Hamburg, ON N3A 2K5, Canada",manufacturer
2986,Tier 2 — Regional Manufacturer,Zone 6 — Kitchener / Waterloo / Cambridge / Guelph,New Hamburg,Riverside Foundry Inc,"55 Hamilton Rd, New Hamburg, ON N3A 2H1, Canada",manufacturer
2987,Tier 2 — Regional Manufacturer,Zone 6 — Kitchener / Waterloo / Cambridge / Guelph,New Hamburg,Scran & Dram Scottish Public House,"338 Waterloo St Unit 10, New Hamburg, ON N3A 1T6, Canada",food manufacturer
2988,Tier 2 — Regional Manufacturer,Zone 6 — Kitchener / Waterloo / Cambridge / Guelph,New Hamburg,Stitch Graphix,"9 Arnold St, New Hamburg, ON N3A 2C6, Canada",manufacturer
2989,Tier 2 — Regional Manufacturer,Zone 6 — Kitchener / Waterloo / Cambridge / Guelph,New Hamburg,The Garden Stand - Chef Adam Brenner,"90 Wilmot St, New Hamburg, ON N3A 1H7, Canada",food manufacturer
2990,Tier 2 — Regional Manufacturer,Zone 6 — Kitchener / Waterloo / Cambridge / Guelph,New Hamburg,United Poultry,"107 Hamilton Rd, New Hamburg, ON N3A 2H1, Canada",food manufacturer
2991,Tier 2 — Regional Manufacturer,Zone 6 — Kitchener / Waterloo / Cambridge / Guelph,New Hamburg,ZippyJamz,"101 Arnold St #2, New Hamburg, ON N3A 2C6, Canada",manufacturer
2992,Tier 2 — Regional Manufacturer,Zone 6 — Kitchener / Waterloo / Cambridge / Guelph,North Dumfries,AVP MFG & Supply Inc,"2288 Dumfries Rd RR2, Cambridge, ON N1R 5S3, Canada",manufacturing company
2993,Tier 2 — Regional Manufacturer,Zone 6 — Kitchener / Waterloo / Cambridge / Guelph,North Dumfries,Automated Cutting Machinery Inc,"2312 Dumfries Rd, Cambridge, ON N1R 5S3, Canada",manufacturing company
2994,Tier 2 — Regional Manufacturer,Zone 6 — Kitchener / Waterloo / Cambridge / Guelph,North Dumfries,BKRNatureSpan,"15 Winding Wood Crescent, Kitchener, ON N2P 2L6, Canada",food manufacturer
2995,Tier 2 — Regional Manufacturer,Zone 6 — Kitchener / Waterloo / Cambridge / Guelph,North Dumfries,CNX Welding and Fabricating,"230 Black Walnut Rd, St George, ON N3L 3E1, Canada",metal fabrication
2996,Tier 2 — Regional Manufacturer,Zone 6 — Kitchener / Waterloo / Cambridge / Guelph,North Dumfries,Copper County Foods,"1277 Bridge St, New Dundee, ON N0B 2E0, Canada",food manufacturer
2997,Tier 2 — Regional Manufacturer,Zone 6 — Kitchener / Waterloo / Cambridge / Guelph,North Dumfries,EJS Manufacturing,"225 Black Walnut Rd, Brant, ON N3L 3E1, Canada",manufacturing company
2998,Tier 2 — Regional Manufacturer,Zone 6 — Kitchener / Waterloo / Cambridge / Guelph,North Dumfries,Exact industrial ltd,"395 Dobbie Dr, Cambridge, ON N1T 1S8, Canada",OEM manufacturer
2999,Tier 2 — Regional Manufacturer,Zone 6 — Kitchener / Waterloo / Cambridge / Guelph,North Dumfries,Five Force Foods,"19 Thorne St Suite 110, Cambridge, ON N1R 1S3, Canada",food manufacturer
3000,Tier 2 — Regional Manufacturer,Zone 6 — Kitchener / Waterloo / Cambridge / Guelph,North Dumfries,Fo' Cheezy Food Truck,"55 Waydom Dr No public food sales happen here Truck storage location, See website for locations and hours, North Dumfries, ON N0B 2E0, Canada",food manufacturer
3001,Tier 2 — Regional Manufacturer,Zone 6 — Kitchener / Waterloo / Cambridge / Guelph,North Dumfries,Harman Heavy Vehicle Specialists Ltd,"645 Boxwood Dr, Cambridge, ON N3E 1B4, Canada",automotive parts manufacturer
3002,Tier 2 — Regional Manufacturer,Zone 6 — Kitchener / Waterloo / Cambridge / Guelph,North Dumfries,MERIDIAN Automation Inc,"2288 Dumfries Rd, Ayr, ON N0B 1E0, Canada",manufacturer
3003,Tier 2 — Regional Manufacturer,Zone 6 — Kitchener / Waterloo / Cambridge / Guelph,North Dumfries,Meat Nation,"124 Seabrook Dr, Kitchener, ON N2R 0K1, Canada",food manufacturer
3004,Tier 2 — Regional Manufacturer,Zone 6 — Kitchener / Waterloo / Cambridge / Guelph,North Dumfries,North Dumfries Community Complex,"2958 Greenfield Rd, Ayr, ON N0B 1E0, Canada",food manufacturer
3005,Tier 2 — Regional Manufacturer,Zone 6 — Kitchener / Waterloo / Cambridge / Guelph,North Dumfries,On-Trux LTD Main Building,"8HP7+6G, 2564 Cedar Creek Rd, North Dumfries, ON N0B 1E0, Canada",manufacturer
3006,Tier 2 — Regional Manufacturer,Zone 6 — Kitchener / Waterloo / Cambridge / Guelph,North Dumfries,SSG FOODS,"18 Pondcliffe Dr, Kitchener, ON N2R 0M1, Canada",food manufacturer
3007,Tier 2 — Regional Manufacturer,Zone 6 — Kitchener / Waterloo / Cambridge / Guelph,North Dumfries,Sukh Tire,"192 Leslie Davis St, North Dumfries, ON N0B 1E0, Canada",automotive parts manufacturer
3008,Tier 2 — Regional Manufacturer,Zone 6 — Kitchener / Waterloo / Cambridge / Guelph,North Dumfries,Team Vincent Motorsports,"1148 Northumberland St, Ayr, ON N0B 1E0, Canada",OEM manufacturer
3009,Tier 2 — Regional Manufacturer,Zone 6 — Kitchener / Waterloo / Cambridge / Guelph,North Dumfries,Tifu's snacks,"200 Old Carriage Dr, Kitchener, ON N2P 0C7, Canada",food manufacturer
3010,Tier 2 — Regional Manufacturer,Zone 6 — Kitchener / Waterloo / Cambridge / Guelph,Palmerston,AGF Rebar,"300 Minto Rd, Palmerston, ON N0G 2P0, Canada",manufacturer
3011,Tier 2 — Regional Manufacturer,Zone 6 — Kitchener / Waterloo / Cambridge / Guelph,Palmerston,Calico Food Ingredients Ltd,"620 Cataraqui Woods Dr, Kingston, ON K7P 1T8, Canada",food manufacturer
3012,Tier 2 — Regional Manufacturer,Zone 6 — Kitchener / Waterloo / Cambridge / Guelph,Palmerston,Journeymen Design and Fabrication,"345 Norman St, Palmerston, ON N0G 2P0, Canada",metal fabrication
3013,Tier 2 — Regional Manufacturer,Zone 6 — Kitchener / Waterloo / Cambridge / Guelph,Palmerston,Palmerston,"Palmerston, ON N0G 2P0, Canada",food manufacturer
3014,Tier 2 — Regional Manufacturer,Zone 6 — Kitchener / Waterloo / Cambridge / Guelph,Palmerston,Palmerston MFG,"215 Minto Rd, Palmerston, ON N0G 2P0, Canada",manufacturer
3015,Tier 2 — Regional Manufacturer,Zone 6 — Kitchener / Waterloo / Cambridge / Guelph,Palmerston,Palmerston Machine & Tool,"5914 Wellington Rd 123, Palmerston, ON N0G 2P0, Canada",manufacturing company
3016,Tier 2 — Regional Manufacturer,Zone 6 — Kitchener / Waterloo / Cambridge / Guelph,Palmerston,Subway,"405 Main St E Unit E, Palmerston, ON N0G 2P0, Canada",food manufacturer
3017,Tier 2 — Regional Manufacturer,Zone 6 — Kitchener / Waterloo / Cambridge / Guelph,Palmerston,The Kitchen Factory,"345 Norman St, Palmerston, ON N0G 2P0, Canada",manufacturer
3018,Tier 2 — Regional Manufacturer,Zone 6 — Kitchener / Waterloo / Cambridge / Guelph,Palmerston,Tim Hortons,"535 Main St W, Palmerston, ON N0G 2P0, Canada",food manufacturer
3019,Tier 2 — Regional Manufacturer,Zone 6 — Kitchener / Waterloo / Cambridge / Guelph,Palmerston,Tri-Coat Woodfinishing LTD,"300, Minto Rd, Palmerston, ON N0G 2P0, Canada",manufacturer
3020,Tier 2 — Regional Manufacturer,Zone 6 — Kitchener / Waterloo / Cambridge / Guelph,Paris,3 Brothers Classic Rovers,"17 Gold St, Paris, ON N3L 3S3, Canada",automotive parts manufacturer
3021,Tier 2 — Regional Manufacturer,Zone 6 — Kitchener / Waterloo / Cambridge / Guelph,Paris,AFI Hydro,"6 Adams St, Paris, ON N3L 3X4, Canada",manufacturer
3022,Tier 2 — Regional Manufacturer,Zone 6 — Kitchener / Waterloo / Cambridge / Guelph,Paris,Apogee Ceramics Inc,"71 Folsetter Dr, Paris, ON N3L 0E2, Canada",manufacturing company
3023,Tier 2 — Regional Manufacturer,Zone 6 — Kitchener / Waterloo / Cambridge / Guelph,Paris,Brant Steel Products Limited,"49 Craig St, Brantford, ON N3R 7H8, Canada",metal fabrication
3024,Tier 2 — Regional Manufacturer,Zone 6 — Kitchener / Waterloo / Cambridge / Guelph,Paris,"Burger Factory Paris, Ontario","1 Hartley Ave., Brant, ON N3L 0M3, Canada",manufacturer
3025,Tier 2 — Regional Manufacturer,Zone 6 — Kitchener / Waterloo / Cambridge / Guelph,Paris,Carquest Auto Parts - WHITELAW AUTO - PARIS,"326 Grand River St N Unit 1, Paris, ON N3L 3R7, Canada",automotive parts manufacturer
3026,Tier 2 — Regional Manufacturer,Zone 6 — Kitchener / Waterloo / Cambridge / Guelph,Paris,"CoorsTek Paris, Ontario","45 Curtis Ave N, Paris, ON N3L 3T6, Canada",manufacturer
3027,Tier 2 — Regional Manufacturer,Zone 6 — Kitchener / Waterloo / Cambridge / Guelph,Paris,Fisher Fab Industrial Millwrighting & Welding,"19 Jefferson St, Paris, ON N3L 3C1, Canada",metal fabrication
3028,Tier 2 — Regional Manufacturer,Zone 6 — Kitchener / Waterloo / Cambridge / Guelph,Paris,Graphite Edge,"8 Zavarella Ct, Paris, ON N3L 4H3, Canada",manufacturer
3029,Tier 2 — Regional Manufacturer,Zone 6 — Kitchener / Waterloo / Cambridge / Guelph,Paris,Inflex Inc,"Woodslee Ave, 2 Ryan Pl, Paris, ON N3L 3N6, Canada",manufacturing company
3030,Tier 2 — Regional Manufacturer,Zone 6 — Kitchener / Waterloo / Cambridge / Guelph,Paris,John's Automotive Service & Sales,"123 Dundas St E, Paris, ON N3L 3H3, Canada",automotive parts manufacturer
3031,Tier 2 — Regional Manufacturer,Zone 6 — Kitchener / Waterloo / Cambridge / Guelph,Paris,Lee Munro’s Garage,"535 Paris Rd, Paris, ON N3L 3E1, Canada",automotive parts manufacturer
3032,Tier 2 — Regional Manufacturer,Zone 6 — Kitchener / Waterloo / Cambridge / Guelph,Paris,Mary Maxim,"75 Scott Ave, Paris, ON N3L 3G5, Canada",manufacturer
3033,Tier 2 — Regional Manufacturer,Zone 6 — Kitchener / Waterloo / Cambridge / Guelph,Paris,Massilly North America,"406 Elgin St, Brantford, ON N3S 7P6, Canada",manufacturing company
3034,Tier 2 — Regional Manufacturer,Zone 6 — Kitchener / Waterloo / Cambridge / Guelph,Paris,Mitten Building Products - Cornerstone Building Brands,"70 Curtis Ave N, Paris, ON N3L 3T2, Canada",manufacturer
3035,Tier 2 — Regional Manufacturer,Zone 6 — Kitchener / Waterloo / Cambridge / Guelph,Paris,My Taste of Home,"31 Mechanic St, Paris, ON N3L 1K1, Canada",food manufacturer
3036,Tier 2 — Regional Manufacturer,Zone 6 — Kitchener / Waterloo / Cambridge / Guelph,Paris,Paris Beer Company,"31 Mechanic St, Paris, ON N3L 1K1, Canada",manufacturer
3037,Tier 2 — Regional Manufacturer,Zone 6 — Kitchener / Waterloo / Cambridge / Guelph,Paris,Paris Factory Rides Automotive,"142 Dundas St E, Paris, ON N3L 3H6, Canada",automotive parts manufacturer
3038,Tier 2 — Regional Manufacturer,Zone 6 — Kitchener / Waterloo / Cambridge / Guelph,Paris,Patriot Forge Inc,"100 Consolidated Dr, Paris, ON N3T 3T6, Canada",metal fabrication
3039,Tier 2 — Regional Manufacturer,Zone 6 — Kitchener / Waterloo / Cambridge / Guelph,Paris,R & D Fabrication Ltd,"326 Grand River St N Unit E, Paris, ON N3L 3R7, Canada",manufacturing company
3040,Tier 2 — Regional Manufacturer,Zone 6 — Kitchener / Waterloo / Cambridge / Guelph,Paris,R W Metal Fabricating & Design Inc,"31 Folsetter Dr, Paris, ON N3L 0E2, Canada",metal fabrication
3041,Tier 2 — Regional Manufacturer,Zone 6 — Kitchener / Waterloo / Cambridge / Guelph,Paris,RJ Automotive: 24/7 Mobile Truck & Trailer Repair,"5 Woodslee Ave, Paris, ON N3L 3N6, Canada",automotive parts manufacturer
3042,Tier 2 — Regional Manufacturer,Zone 6 — Kitchener / Waterloo / Cambridge / Guelph,Paris,RoRo Designs,"598 Brant Regional Rd 24, Paris, ON N3L 2J3, Canada",OEM manufacturer
3043,Tier 2 — Regional Manufacturer,Zone 6 — Kitchener / Waterloo / Cambridge / Guelph,Paris,SOPREMA Paris,"21 Scott Ave, Paris, ON N3L 3G2, Canada",manufacturer
3044,Tier 2 — Regional Manufacturer,Zone 6 — Kitchener / Waterloo / Cambridge / Guelph,Paris,Sherman's Auto Parts and Accessories,"156 Clarence St, Brantford, ON N3T 2V8, Canada",automotive parts manufacturer
3045,Tier 2 — Regional Manufacturer,Zone 6 — Kitchener / Waterloo / Cambridge / Guelph,Paris,St George Company Ltd,"20 Consolidated Dr, Paris, ON N3L 3T5, Canada",manufacturer
3046,Tier 2 — Regional Manufacturer,Zone 6 — Kitchener / Waterloo / Cambridge / Guelph,Paris,The Paris Wincey Mills Co.,"31 Mechanic St, Paris, ON N3L 1K1, Canada",manufacturer
3047,Tier 2 — Regional Manufacturer,Zone 6 — Kitchener / Waterloo / Cambridge / Guelph,Paris,Transcontinental Paris (BGI),"3 Adi Dassler Way, Paris, ON N3L 0B9, Canada",manufacturer
3048,Tier 2 — Regional Manufacturer,Zone 6 — Kitchener / Waterloo / Cambridge / Guelph,Puslinch,ABS Friction Inc,"55 Taggart St, Guelph, ON N1L 1M6, Canada",automotive parts manufacturer
3049,Tier 2 — Regional Manufacturer,Zone 6 — Kitchener / Waterloo / Cambridge / Guelph,Puslinch,Aberfoyle Metal Treaters Ltd,"18 Kerr Crescent, Puslinch, ON N0B 2J0, Canada",manufacturer
3050,Tier 2 — Regional Manufacturer,Zone 6 — Kitchener / Waterloo / Cambridge / Guelph,Puslinch,Abermor Manufacturing,"12 Main St, Puslinch, ON N0B 2C0, Canada",manufacturer
3051,Tier 2 — Regional Manufacturer,Zone 6 — Kitchener / Waterloo / Cambridge / Guelph,Puslinch,Bee Sweet Nature Co,"4182 Sideroad 20 S, Puslinch, ON N0B 2J0, Canada",food manufacturer
3052,Tier 2 — Regional Manufacturer,Zone 6 — Kitchener / Waterloo / Cambridge / Guelph,Puslinch,Charcoal Chariots,"4331 Watson Rd S, Puslinch, ON N0B 2J0, Canada",manufacturer
3053,Tier 2 — Regional Manufacturer,Zone 6 — Kitchener / Waterloo / Cambridge / Guelph,Puslinch,Corwhin Tool & Manufacturing Ltd,"11 Nicholas Beaver Rd Unit C, Puslinch, ON N0B 2J0, Canada",manufacturer
3054,Tier 2 — Regional Manufacturer,Zone 6 — Kitchener / Waterloo / Cambridge / Guelph,Puslinch,HP Polymers Ltd,"32 Kerr Crescent, Puslinch, ON N0B 2J0, Canada",manufacturer
3055,Tier 2 — Regional Manufacturer,Zone 6 — Kitchener / Waterloo / Cambridge / Guelph,Puslinch,Hitachi Construction Truck Manufacturing,"200 Woodlawn Rd W, Guelph, ON N1H 1B6, Canada",manufacturing company
3056,Tier 2 — Regional Manufacturer,Zone 6 — Kitchener / Waterloo / Cambridge / Guelph,Puslinch,K.J.E,"35 Lingard Rd Unit #2, Cambridge, ON N1T 2H4, Canada",automotive parts manufacturer
3057,Tier 2 — Regional Manufacturer,Zone 6 — Kitchener / Waterloo / Cambridge / Guelph,Puslinch,KBR Auto Parts Inc,"450 Woodlawn Rd W, Guelph, ON N1K 1A6, Canada",automotive parts manufacturer
3058,Tier 2 — Regional Manufacturer,Zone 6 — Kitchener / Waterloo / Cambridge / Guelph,Puslinch,Mammoet - Branch Puslinch,"7504 McLean Rd, Puslinch, ON N0B 2J0, Canada",manufacturer
3059,Tier 2 — Regional Manufacturer,Zone 6 — Kitchener / Waterloo / Cambridge / Guelph,Puslinch,Mr.Kettlecorn,"30 Brock Rd S, Puslinch, ON N0B 2J0, Canada",food manufacturer
3060,Tier 2 — Regional Manufacturer,Zone 6 — Kitchener / Waterloo / Cambridge / Guelph,Puslinch,Quality Plates & Profiles Limited,"20 Nicholas Beaver Rd, Puslinch, ON N0B 2J0, Canada",manufacturer
3061,Tier 2 — Regional Manufacturer,Zone 6 — Kitchener / Waterloo / Cambridge / Guelph,Puslinch,Rootham Gourmet Preserves Ltd,"30 Gilmour Rd, Puslinch, ON N0B 2J0, Canada",food manufacturer
3062,Tier 2 — Regional Manufacturer,Zone 6 — Kitchener / Waterloo / Cambridge / Guelph,Puslinch,Royal Distributing,"925 Woodlawn Rd W, Guelph, ON N1K 1B7, Canada",automotive parts manufacturer
3063,Tier 2 — Regional Manufacturer,Zone 6 — Kitchener / Waterloo / Cambridge / Guelph,Puslinch,Russel Metals Ontario,"24 Nicholas Beaver Rd, Puslinch, ON N0B 2J0, Canada",metal fabrication
3064,Tier 2 — Regional Manufacturer,Zone 6 — Kitchener / Waterloo / Cambridge / Guelph,Puslinch,Wagyu World,"4157 Hwy 6, Puslinch, ON N0B 2J0, Canada",manufacturer
3065,Tier 2 — Regional Manufacturer,Zone 6 — Kitchener / Waterloo / Cambridge / Guelph,Rockwood,Advantage Packaging Limited,"525 Parkdale Ave N, Hamilton, ON L8H 5Y6, Canada",packaging manufacturer
3066,Tier 2 — Regional Manufacturer,Zone 6 — Kitchener / Waterloo / Cambridge / Guelph,Rockwood,Foodland Rockwood,"209 Alma St, Rockwood, ON N0B 2K0, Canada",food manufacturer
3067,Tier 2 — Regional Manufacturer,Zone 6 — Kitchener / Waterloo / Cambridge / Guelph,Rockwood,GWC Packaging,"1890 S Milliken Ave, Ontario, CA 91761, USA",packaging manufacturer
3068,Tier 2 — Regional Manufacturer,Zone 6 — Kitchener / Waterloo / Cambridge / Guelph,Rockwood,PACIFIC PACKAGING PRODUCTS,"550 Industrial Dr, Milton, ON L9T 5A6, Canada",packaging manufacturer
3069,Tier 2 — Regional Manufacturer,Zone 6 — Kitchener / Waterloo / Cambridge / Guelph,Rockwood,Rockwood Motor Products,"286 Alma St, Rockwood, ON N0B 2K0, Canada",automotive parts manufacturer
3070,Tier 2 — Regional Manufacturer,Zone 6 — Kitchener / Waterloo / Cambridge / Guelph,Rockwood,Rural Roots Tea Lounge & Artisan Shop,"118 Main St S, Rockwood, ON N0B 2K0, Canada",food manufacturer
3071,Tier 2 — Regional Manufacturer,Zone 6 — Kitchener / Waterloo / Cambridge / Guelph,Rockwood,Superior Flooring,"4936 7 Line, Rockwood, ON N0B 2K0, Canada",manufacturer
3072,Tier 2 — Regional Manufacturer,Zone 6 — Kitchener / Waterloo / Cambridge / Guelph,St. Jacobs,Art's Auto Electric,"1549 King St N, St. Jacobs, ON N0B 2N0, Canada",automotive parts manufacturer
3073,Tier 2 — Regional Manufacturer,Zone 6 — Kitchener / Waterloo / Cambridge / Guelph,St. Jacobs,Brubacher Drums,"855 Arthur St S, Elmira, ON N3B 2Z2, Canada",plastics manufacturer
3074,Tier 2 — Regional Manufacturer,Zone 6 — Kitchener / Waterloo / Cambridge / Guelph,St. Jacobs,Elite Design & Manufacturing,"3040 Sawmill Rd, St. Jacobs, ON N0B 2N0, Canada",manufacturer
3075,Tier 2 — Regional Manufacturer,Zone 6 — Kitchener / Waterloo / Cambridge / Guelph,St. Jacobs,Frey's Hatchery,"80 Northside Dr, St. Jacobs, ON N0B 2N0, Canada",manufacturer
3076,Tier 2 — Regional Manufacturer,Zone 6 — Kitchener / Waterloo / Cambridge / Guelph,St. Jacobs,Hamel Brooms,"1411 King St N, St. Jacobs, ON N0B 2N0, Canada",manufacturer
3077,Tier 2 — Regional Manufacturer,Zone 6 — Kitchener / Waterloo / Cambridge / Guelph,St. Jacobs,Hillside Variety and Bulk Foods Store,"1340 King St N, St. Jacobs, ON N0B 2N0, Canada",food manufacturer
3078,Tier 2 — Regional Manufacturer,Zone 6 — Kitchener / Waterloo / Cambridge / Guelph,St. Jacobs,Picard Foods Ltd,"3011 Sawmill Rd, St. Jacobs, ON N0B 2N0, Canada",food manufacturer
3079,Tier 2 — Regional Manufacturer,Zone 6 — Kitchener / Waterloo / Cambridge / Guelph,St. Jacobs,Quarry,"1440 King St N, St. Jacobs, ON N0B 2N0, Canada",manufacturer
3080,Tier 2 — Regional Manufacturer,Zone 6 — Kitchener / Waterloo / Cambridge / Guelph,St. Jacobs,Reist & Weber,"317 Hawkesville Rd, St. Jacobs, ON N0B 2N0, Canada",manufacturer
3081,Tier 2 — Regional Manufacturer,Zone 6 — Kitchener / Waterloo / Cambridge / Guelph,St. Jacobs,St. Jacob's Foods,"3171 Bleams Rd, New Hamburg, ON N3A 3J3, Canada",food manufacturer
3082,Tier 2 — Regional Manufacturer,Zone 6 — Kitchener / Waterloo / Cambridge / Guelph,St. Jacobs,St. Jacobs Furnishings,"878 Weber St N #3, Waterloo Regional Municipality, ON N2V 0H2, Canada",OEM manufacturer
3083,Tier 2 — Regional Manufacturer,Zone 6 — Kitchener / Waterloo / Cambridge / Guelph,St. Jacobs,World Automotive Warehouse,"355 Carlingview Dr, Etobicoke, ON M9W 5G8, Canada",automotive parts manufacturer
3084,Tier 2 — Regional Manufacturer,Zone 6 — Kitchener / Waterloo / Cambridge / Guelph,Stratford,AWC Manufacturing LP,"141 Griffith Rd, Stratford, ON N4Z 0A6, Canada",manufacturer
3085,Tier 2 — Regional Manufacturer,Zone 6 — Kitchener / Waterloo / Cambridge / Guelph,Stratford,Bowers Process Equipment,"487 Lorne Ave E, Stratford, ON N4Z 0A6, Canada",OEM manufacturer
3086,Tier 2 — Regional Manufacturer,Zone 6 — Kitchener / Waterloo / Cambridge / Guelph,Stratford,Cooper-Standard Automotive,"341 Erie St, Stratford, ON N5A 2N3, Canada",manufacturer
3087,Tier 2 — Regional Manufacturer,Zone 6 — Kitchener / Waterloo / Cambridge / Guelph,Stratford,M C Distributing,"79 Linton Ave, Stratford, ON N5A 2S3, Canada",automotive parts manufacturer
3088,Tier 2 — Regional Manufacturer,Zone 6 — Kitchener / Waterloo / Cambridge / Guelph,Stratford,Monforte Dairy,"49 Griffith Rd, Stratford, ON N4Z 0A6, Canada",food manufacturer
3089,Tier 2 — Regional Manufacturer,Zone 6 — Kitchener / Waterloo / Cambridge / Guelph,Stratford,Morrison-Everitt Ltd,"54 Jarvis St, Stratford, ON N5A 0E4, Canada",metal fabrication
3090,Tier 2 — Regional Manufacturer,Zone 6 — Kitchener / Waterloo / Cambridge / Guelph,Stratford,Olive Your Favourites,"22 Wellington St, Stratford, ON N5A 2L2, Canada",food manufacturer
3091,Tier 2 — Regional Manufacturer,Zone 6 — Kitchener / Waterloo / Cambridge / Guelph,Stratford,Oneway Manufacturing,"291 Griffith Rd Unit 1, Stratford, ON N4Z 0A6, Canada",manufacturer
3092,Tier 2 — Regional Manufacturer,Zone 6 — Kitchener / Waterloo / Cambridge / Guelph,Stratford,Railside Fabrication,"29 Monteith Ave, Stratford, ON N5A 7J9, Canada",metal fabrication
3093,Tier 2 — Regional Manufacturer,Zone 6 — Kitchener / Waterloo / Cambridge / Guelph,Stratford,Schaeffler,"801 Ontario St, Stratford, ON N5A 6T2, Canada",manufacturer
3094,Tier 2 — Regional Manufacturer,Zone 6 — Kitchener / Waterloo / Cambridge / Guelph,Stratford,TSV IRON WORKS,"45 Dunlop Pl, Stratford, ON N4Z 0A6, Canada",metal fabrication
3095,Tier 2 — Regional Manufacturer,Zone 6 — Kitchener / Waterloo / Cambridge / Guelph,Stratford,The Milky Whey Fine Cheese Shop,"118 Ontario St, Stratford, ON N5A 3H2, Canada",food manufacturer
3096,Tier 2 — Regional Manufacturer,Zone 6 — Kitchener / Waterloo / Cambridge / Guelph,Stratford,Urban Grub Food Co.,"46 Waterloo St N, Stratford, ON N5A 5H7, Canada",food manufacturer
3097,Tier 2 — Regional Manufacturer,Zone 6 — Kitchener / Waterloo / Cambridge / Guelph,Waterloo,Abco Custom Manufacturing Inc,"90 Baffin Pl, Waterloo, ON N2V 1Z7, Canada",manufacturer
3098,Tier 2 — Regional Manufacturer,Zone 6 — Kitchener / Waterloo / Cambridge / Guelph,Waterloo,Black Kassel,"443 Wismer St, Waterloo, ON N2K 2K6, Canada",food manufacturer
3099,Tier 2 — Regional Manufacturer,Zone 6 — Kitchener / Waterloo / Cambridge / Guelph,Waterloo,Broil King Barbecues,"585 Kumpf Dr, Waterloo, ON N2V 1K3, Canada",OEM manufacturer
3100,Tier 2 — Regional Manufacturer,Zone 6 — Kitchener / Waterloo / Cambridge / Guelph,Waterloo,CMI Custom Metal Inc,"630 Superior Dr, Waterloo, ON N2V 2C6, Canada",metal fabrication
3101,Tier 2 — Regional Manufacturer,Zone 6 — Kitchener / Waterloo / Cambridge / Guelph,Waterloo,Donsig Cones,"85 Bathurst Dr, Waterloo, ON N2V 1N2, Canada",food manufacturer
3102,Tier 2 — Regional Manufacturer,Zone 6 — Kitchener / Waterloo / Cambridge / Guelph,Waterloo,Farah Foods,"170 University Avenue West Unit 4,5,6A, University Shops Plaza, 170 University Ave W, Waterloo, ON N2L 3E9, Canada",food manufacturer
3103,Tier 2 — Regional Manufacturer,Zone 6 — Kitchener / Waterloo / Cambridge / Guelph,Waterloo,Gmax Technology Ltd,"180 Columbia St W B2, Waterloo, ON N2L 3L3, Canada",manufacturing company
3104,Tier 2 — Regional Manufacturer,Zone 6 — Kitchener / Waterloo / Cambridge / Guelph,Waterloo,Grand River Foods,"35 Northland Rd, Waterloo, ON N2V 1Y8, Canada",food manufacturer
3105,Tier 2 — Regional Manufacturer,Zone 6 — Kitchener / Waterloo / Cambridge / Guelph,Waterloo,Grote Electronics,"95 Bathurst Dr, Waterloo, ON N2V 1N2, Canada",manufacturer
3106,Tier 2 — Regional Manufacturer,Zone 6 — Kitchener / Waterloo / Cambridge / Guelph,Waterloo,HY Precision Manufacturing | HPML Waterloo,"105 Northland Rd Unit B, Waterloo, ON N2V 1Y8, Canada",manufacturer
3107,Tier 2 — Regional Manufacturer,Zone 6 — Kitchener / Waterloo / Cambridge / Guelph,Waterloo,Hammond Manufacturing,"505 Dutton Dr, Waterloo, ON N2L 4C8, Canada",manufacturer
3108,Tier 2 — Regional Manufacturer,Zone 6 — Kitchener / Waterloo / Cambridge / Guelph,Waterloo,Hammond Manufacturing Conestoga,"485 Conestogo Rd, Waterloo, ON N2L 4C9, Canada",manufacturer
3109,Tier 2 — Regional Manufacturer,Zone 6 — Kitchener / Waterloo / Cambridge / Guelph,Waterloo,Indus Alliance Inc,"282 Marsland Dr UNIT # 6, Waterloo, ON N3E 0B3, Canada",automotive parts manufacturer
3110,Tier 2 — Regional Manufacturer,Zone 6 — Kitchener / Waterloo / Cambridge / Guelph,Waterloo,JD Sweid Foods,"605 Kumpf Dr, Waterloo, ON N2V 1K3, Canada",food manufacturer
3111,Tier 2 — Regional Manufacturer,Zone 6 — Kitchener / Waterloo / Cambridge / Guelph,Waterloo,KWO Iron Works Ltd,"72 Schaefer St, Waterloo, ON N2L 4C5, Canada",metal fabrication
3112,Tier 2 — Regional Manufacturer,Zone 6 — Kitchener / Waterloo / Cambridge / Guelph,Waterloo,Mary Jane Packaging,"283 Duke St W, Kitchener, ON N2H 3X7, Canada",packaging manufacturer
3113,Tier 2 — Regional Manufacturer,Zone 6 — Kitchener / Waterloo / Cambridge / Guelph,Waterloo,Michael Stephen Manufacturing Ltd,"40 Northland Rd, Waterloo, ON N2V 1Y1, Canada",manufacturer
3114,Tier 2 — Regional Manufacturer,Zone 6 — Kitchener / Waterloo / Cambridge / Guelph,Waterloo,Mighty Auto Parts,"130 Dearborn Pl, Waterloo, ON N2J 4N5, Canada",automotive parts manufacturer
3115,Tier 2 — Regional Manufacturer,Zone 6 — Kitchener / Waterloo / Cambridge / Guelph,Waterloo,Millstream Foods Limited,"401 Weber St N, Waterloo, ON N2J 3J2, Canada",food manufacturer
3116,Tier 2 — Regional Manufacturer,Zone 6 — Kitchener / Waterloo / Cambridge / Guelph,Waterloo,Modular Aluminum Products,"584 Colby Dr Unit #5, Waterloo, ON N2V 1A2, Canada",OEM manufacturer
3117,Tier 2 — Regional Manufacturer,Zone 6 — Kitchener / Waterloo / Cambridge / Guelph,Waterloo,Naanway Foods,"160 Frobisher Dr, Waterloo, ON N2V 2B1, Canada",food manufacturer
3118,Tier 2 — Regional Manufacturer,Zone 6 — Kitchener / Waterloo / Cambridge / Guelph,Waterloo,Northern Precision Mfg Inc,"625 Colby Dr, Waterloo, ON N2V 1B4, Canada",manufacturing company
3119,Tier 2 — Regional Manufacturer,Zone 6 — Kitchener / Waterloo / Cambridge / Guelph,Waterloo,Northfield Metal Products,"195 Bathurst Dr, Waterloo, ON N2J 3Z9, Canada",metal fabrication
3120,Tier 2 — Regional Manufacturer,Zone 6 — Kitchener / Waterloo / Cambridge / Guelph,Waterloo,Onward Manufacturing Company Limited | Head Office & Manufacturing,"585 Kumpf Dr, Waterloo, ON N2V 1K3, Canada",manufacturer
3121,Tier 2 — Regional Manufacturer,Zone 6 — Kitchener / Waterloo / Cambridge / Guelph,Waterloo,STL,"680 Davenport Rd unit D, Waterloo, ON N2V 2C3, Canada",manufacturer
3122,Tier 2 — Regional Manufacturer,Zone 6 — Kitchener / Waterloo / Cambridge / Guelph,Waterloo,Schaaf Foods,"130 Frobisher Dr, Waterloo, ON N2V 1Z9, Canada",food manufacturer
3123,Tier 2 — Regional Manufacturer,Zone 6 — Kitchener / Waterloo / Cambridge / Guelph,Waterloo,Snyder Metal Fabricating Plant #2,"295 Northfield Dr E, Waterloo, ON N2K 4H2, Canada",metal fabrication
3124,Tier 2 — Regional Manufacturer,Zone 6 — Kitchener / Waterloo / Cambridge / Guelph,Waterloo,Spage Sport,"4 Bast Pl Unit 2, Waterloo, ON N2J 4G8, Canada",automotive parts manufacturer
3125,Tier 2 — Regional Manufacturer,Zone 6 — Kitchener / Waterloo / Cambridge / Guelph,Waterloo,Spruce Crest Welding And Fabricating,"1599 Three Bridges Rd, St. Jacobs, ON N0B 2N0, Canada",metal fabrication
3126,Tier 2 — Regional Manufacturer,Zone 6 — Kitchener / Waterloo / Cambridge / Guelph,Waterloo,ThunderStorm Snacks,"283 Northfield Dr E #8, Waterloo, ON N2K 4H2, Canada",food manufacturer
3127,Tier 2 — Regional Manufacturer,Zone 6 — Kitchener / Waterloo / Cambridge / Guelph,Waterloo,Victory Manufacturing,"119 Bridgeport Rd E, Waterloo, ON N2J 2K3, Canada",manufacturer
3128,Tier 2 — Regional Manufacturer,Zone 6 — Kitchener / Waterloo / Cambridge / Guelph,Waterloo,Viessmann Manufacturing Company ULC,"750 McMurray Rd, Waterloo, ON N2V 2G5, Canada",manufacturing company
3129,Tier 2 — Regional Manufacturer,Zone 6 — Kitchener / Waterloo / Cambridge / Guelph,Waterloo,Weber's Fabricating,"3044 Sawmill Rd, St. Jacobs, ON N0B 2N0, Canada",metal fabrication
3130,Tier 2 — Regional Manufacturer,Zone 6 — Kitchener / Waterloo / Cambridge / Guelph,Waterloo,XGP Americas,"515 Dotzert Ct #3, Waterloo, ON N2L 6A7, Canada",packaging manufacturer
3131,Tier 2 — Regional Manufacturer,Zone 6 — Kitchener / Waterloo / Cambridge / Guelph,Wellesley,A W Jantzi & Sons Ltd,"3800 Nafziger Rd, Wellesley, ON N0B 2T0, Canada",manufacturer
3132,Tier 2 — Regional Manufacturer,Zone 6 — Kitchener / Waterloo / Cambridge / Guelph,Wellesley,East View Mfg,"4639 Weimar Line, Wellesley, ON N0B 2T0, Canada",manufacturer
3133,Tier 2 — Regional Manufacturer,Zone 6 — Kitchener / Waterloo / Cambridge / Guelph,Wellesley,Evolved Thermal Energy - Heat Pumps & Geothermal,"81 Parkview Dr, Wellesley, ON N0B 2T0, Canada",manufacturer
3134,Tier 2 — Regional Manufacturer,Zone 6 — Kitchener / Waterloo / Cambridge / Guelph,Wellesley,Food Specialties,"2650 Meadowvale Blvd, Mississauga, ON L5N 6M5, Canada",food manufacturer
3135,Tier 2 — Regional Manufacturer,Zone 6 — Kitchener / Waterloo / Cambridge / Guelph,Wellesley,Galick Packaging Equipment Limited,"2237 Gerber Rd, Wellesley, ON N0B 2T0, Canada",manufacturer
3136,Tier 2 — Regional Manufacturer,Zone 6 — Kitchener / Waterloo / Cambridge / Guelph,Wellesley,GraffiTees Apparel Co.,"25 Zoeger Ct, Wellesley, ON N0B 2T0, Canada",manufacturer
3137,Tier 2 — Regional Manufacturer,Zone 6 — Kitchener / Waterloo / Cambridge / Guelph,Wellesley,GuentherTech,"1245 Queens Bush Rd, Wellesley, ON N0B 2T0, Canada",automotive parts manufacturer
3138,Tier 2 — Regional Manufacturer,Zone 6 — Kitchener / Waterloo / Cambridge / Guelph,Wellesley,Hessen Mfg Inc,"4425 Hessen Strasse, Wellesley, ON N0B 2T0, Canada",manufacturing company
3139,Tier 2 — Regional Manufacturer,Zone 6 — Kitchener / Waterloo / Cambridge / Guelph,Wellesley,Humber Valley Foods,"2445 Lucknow Dr, Mississauga, ON L5S 1G7, Canada",food manufacturer
3140,Tier 2 — Regional Manufacturer,Zone 6 — Kitchener / Waterloo / Cambridge / Guelph,Wellesley,Jeff Hunter,"81 Parkview Dr, Wellesley, ON N0B 2T0, Canada",manufacturer
3141,Tier 2 — Regional Manufacturer,Zone 6 — Kitchener / Waterloo / Cambridge / Guelph,Wellesley,Norman’s Naturals,"1400 Greenwood Hill Rd, Wellesley, ON N0B 2T0, Canada",food manufacturer
3142,Tier 2 — Regional Manufacturer,Zone 6 — Kitchener / Waterloo / Cambridge / Guelph,Wellesley,Pym's Village Market,"1192 Queens Bush Rd, Wellesley, ON N0B 2T0, Canada",manufacturer
3143,Tier 2 — Regional Manufacturer,Zone 6 — Kitchener / Waterloo / Cambridge / Guelph,Wellesley,S I L Plastic Sales & Supplies Inc,"30 Whitmore Rd, Woodbridge, ON L4L 7Z4, Canada",injection molding company
3144,Tier 2 — Regional Manufacturer,Zone 6 — Kitchener / Waterloo / Cambridge / Guelph,Wellesley,Sandhill Mfg,"1459 Gerber Rd, Wellesley, ON N0B 2T0, Canada",manufacturing company
3145,Tier 2 — Regional Manufacturer,Zone 6 — Kitchener / Waterloo / Cambridge / Guelph,Wellesley,Simeon Bauman Mfg Inc,"4342 Weimar Line, Wellesley, ON N0B 2T0, Canada",manufacturer
3146,Tier 2 — Regional Manufacturer,Zone 6 — Kitchener / Waterloo / Cambridge / Guelph,Wellesley,Wellesley Brand Apple Products,"North, 3800 Nafziger Rd, Wellesley, ON M1L 4W6, Canada",manufacturer
3147,Tier 2 — Regional Manufacturer,Zone 6 — Kitchener / Waterloo / Cambridge / Guelph,Wellesley,Wellesley Mill,"3677 Nafziger Rd, Wellesley, ON N0B 2T0, Canada",manufacturer
3148,Tier 2 — Regional Manufacturer,Zone 6 — Kitchener / Waterloo / Cambridge / Guelph,Wellesley,Wellesley Woodworks,"3546 Nafziger Rd, Wellesley, ON N0B 2T0, Canada",manufacturer
3149,Tier 2 — Regional Manufacturer,Zone 6 — Kitchener / Waterloo / Cambridge / Guelph,Wellesley,cw excavation,"60 Reiner Crescent, Wellesley, ON N0B 2T0, Canada",manufacturer
3150,Tier 2 — Regional Manufacturer,Zone 6 — Kitchener / Waterloo / Cambridge / Guelph,Wilmot,Alm Manufacturing,"2641 Moser Young Rd, St. Clements, ON N0B 2M0, Canada",manufacturing company
3151,Tier 2 — Regional Manufacturer,Zone 6 — Kitchener / Waterloo / Cambridge / Guelph,Wilmot,Bright Cheese & Butter,"816503 22, Bright, ON N0J 1B0, Canada",food manufacturer
3152,Tier 2 — Regional Manufacturer,Zone 6 — Kitchener / Waterloo / Cambridge / Guelph,Wilmot,CarModsForAll,"25 Joseph Lichti Lane, Wilmot, ON N3A 4S3, Canada",manufacturer
3153,Tier 2 — Regional Manufacturer,Zone 6 — Kitchener / Waterloo / Cambridge / Guelph,Wilmot,Gmach Gardens,"1383 Huron Rd, Wilmot, ON N0B 2H0, Canada",food manufacturer
3154,Tier 2 — Regional Manufacturer,Zone 6 — Kitchener / Waterloo / Cambridge / Guelph,Wilmot,Jager Ranch Hen House,"1209A Snyder's Rd E, Baden, ON N3A 3L2, Canada",manufacturer
3155,Tier 2 — Regional Manufacturer,Zone 6 — Kitchener / Waterloo / Cambridge / Guelph,Wilmot,Mott Manufacturing Ltd,"452 Hardy Rd, Brantford, ON N3T 5L8, Canada",manufacturer
3156,Tier 2 — Regional Manufacturer,Zone 6 — Kitchener / Waterloo / Cambridge / Guelph,Wilmot,NM Manufacturing,"2335 Hutchison Rd, Millbank, ON N0K 1L0, Canada",manufacturing company
3157,Tier 2 — Regional Manufacturer,Zone 6 — Kitchener / Waterloo / Cambridge / Guelph,Wilmot,New Hamburg Wastewater Treatment Plant,"1371 Township Rd 12, Wilmot, ON N0B, Canada, Canada",manufacturer
3158,Tier 2 — Regional Manufacturer,Zone 6 — Kitchener / Waterloo / Cambridge / Guelph,Woolwich,Almadina Cuisine,"Woolwich, ON N2V 0H2, Canada",food manufacturer
3159,Tier 2 — Regional Manufacturer,Zone 6 — Kitchener / Waterloo / Cambridge / Guelph,Woolwich,Bio-En,"50 Martins Ln, Woolwich, ON N3B 2A1, Canada",manufacturer
3160,Tier 2 — Regional Manufacturer,Zone 6 — Kitchener / Waterloo / Cambridge / Guelph,Woolwich,Crazy Steel Guys,"2631 Herrgott Rd, St. Clements, ON N0B 2M0, Canada",metal fabrication
3161,Tier 2 — Regional Manufacturer,Zone 6 — Kitchener / Waterloo / Cambridge / Guelph,Woolwich,D&F Metals,"2144 King St N, St. Jacobs, ON N0B 2N0, Canada",metal fabrication
3162,Tier 2 — Regional Manufacturer,Zone 6 — Kitchener / Waterloo / Cambridge / Guelph,Woolwich,E-Repair & Design,"2344 New Jerusalem Rd, Elmira, ON N3B 2Z2, Canada",OEM manufacturer
3163,Tier 2 — Regional Manufacturer,Zone 6 — Kitchener / Waterloo / Cambridge / Guelph,Woolwich,Enviro-Eze Inc,"2407 New Jerusalem Rd, Elmira, ON N3B 1M5, Canada",automotive parts manufacturer
3164,Tier 2 — Regional Manufacturer,Zone 6 — Kitchener / Waterloo / Cambridge / Guelph,Woolwich,Heidelberg Foods Ltd,"1035 Reitzel Pl, St. Jacobs, ON N0B 2N0, Canada",food manufacturer
3165,Tier 2 — Regional Manufacturer,Zone 6 — Kitchener / Waterloo / Cambridge / Guelph,Woolwich,Mectec Packaging Machinery,"630 St George St W, Fergus, ON N1M 1K1, Canada",packaging manufacturer
3166,Tier 2 — Regional Manufacturer,Zone 6 — Kitchener / Waterloo / Cambridge / Guelph,Woolwich,Pullets Plus Inc,"6880 Line 86, Elmira, ON N3B 2Z3, Canada",food manufacturer
3167,Tier 2 — Regional Manufacturer,Zone 6 — Kitchener / Waterloo / Cambridge / Guelph,Woolwich,Repair Circuit Board,"103 Kingfisher Dr, Elmira, ON N3B 3M5, Canada",OEM manufacturer
3168,Tier 2 — Regional Manufacturer,Zone 6 — Kitchener / Waterloo / Cambridge / Guelph,Woolwich,SBE-Formerly Bio-EN,"50 Martins Ln, Woolwich, ON N3B 2A1, Canada",manufacturer
3169,Tier 2 — Regional Manufacturer,Zone 6 — Kitchener / Waterloo / Cambridge / Guelph,Woolwich,Sulco Chemicals Limited,"60 First St E, Elmira, ON N3B 2Z5, Canada",manufacturer
3170,Tier 2 — Regional Manufacturer,Zone 6 — Kitchener / Waterloo / Cambridge / Guelph,Woolwich,TNJ Foods,"Northfield Dr E Suite 281, Waterloo, ON N2K 3T6, Canada",food manufacturer
3171,Tier 2 — Regional Manufacturer,Zone 6 — Kitchener / Waterloo / Cambridge / Guelph,Woolwich,Vartelano,"832 Arthur St S #798, Elmira, ON N3B 2Z2, Canada",food manufacturer
3172,Tier 2 — Regional Manufacturer,Zone 6 — Kitchener / Waterloo / Cambridge / Guelph,Woolwich,Yatton Enterprises,"7242 3 Line, Elmira, ON N3B 2Z3, Canada",manufacturing company
